KH2012:KH.L152.2	KH2012:KH.C8.774	138.46684593601904
KH2012:KH.C8.774	KH2012:KH.L152.2	111.45464349354008
KH2012:KH.C1.669	KH2012:KH.L152.2	109.07135775878929
KH2012:KH.C1.669	KH2012:KH.C9.423	93.48724973877046
KH2012:KH.S406.9	KH2012:KH.C8.877	92.48858509768601
KH2012:KH.L152.2	KH2012:KH.C1.669	91.23490894366955
KH2012:KH.L152.2	KH2012:KH.C14.65	90.60430477214219
KH2012:KH.C8.877	KH2012:KH.S406.9	86.20631949048051
KH2012:KH.C3.330	KH2012:KH.L9.13	85.60791432701961
KH2012:KH.C1.669	KH2012:KH.S1061.3	72.740803232989
KH2012:KH.C1.669	KH2012:KH.C8.372	72.20060236111593
KH2012:KH.C1.669	KH2012:KH.C14.65	70.07176381455254
KH2012:KH.L152.2	KH2012:KH.L110.3	69.84876160743657
KH2012:KH.C8.774	KH2012:KH.L87.11	68.62662670301926
KH2012:KH.L152.2	KH2012:KH.C8.372	68.56475607053893
KH2012:KH.C13.22	KH2012:KH.L40.18	68.00978654447871
KH2012:KH.C14.426	KH2012:KH.C12.84	66.13073684398675
KH2012:KH.L152.2	KH2012:KH.L87.11	62.62137716076995
KH2012:KH.L9.13	KH2012:KH.C3.330	62.02733315416251
KH2012:KH.L152.2	KH2012:KH.C11.468	61.54719860695369
KH2012:KH.C1.669	KH2012:KH.C10.264	61.3689451939168
KH2012:KH.L152.2	KH2012:KH.C4.42	61.22019159363789
KH2012:KH.L152.2	KH2012:KH.C13.36	60.88507717073317
KH2012:KH.C8.877	KH2012:KH.C10.350	58.90014622396732
KH2012:KH.S406.15	KH2012:KH.C11.249	58.63387441870973
KH2012:KH.L152.2	KH2012:KH.C4.699	57.14928477929335
KH2012:KH.C1.669	KH2012:KH.C14.483	57.06952449453723
KH2012:KH.L152.2	KH2012:KH.C14.426	56.031473306584765
KH2012:KH.C8.774	KH2012:KH.C11.468	55.56378904929939
KH2012:KH.C8.877	KH2012:KH.S406.15	55.561916150175655
KH2012:KH.L152.2	KH2012:KH.C14.483	54.88928481188337
KH2012:KH.L152.2	KH2012:KH.C9.423	54.384648106323056
KH2012:KH.C1.669	KH2012:KH.C9.512	53.98293727952617
KH2012:KH.C1.669	KH2012:KH.L65.8	53.72487176549156
KH2012:KH.C1.669	KH2012:KH.C4.42	53.469896277635435
KH2012:KH.C8.774	KH2012:KH.L40.18	52.93957187221757
KH2012:KH.C14.426	KH2012:KH.C13.36	52.37138132956453
KH2012:KH.L152.2	KH2012:KH.L116.40	52.08615294618041
KH2012:KH.L152.2	KH2012:KH.L65.8	50.65615834417158
KH2012:KH.C1.669	KH2012:KH.C11.468	50.56180091504645
KH2012:KH.C8.774	KH2012:KH.C14.65	50.10472133310973
KH2012:KH.C1.669	KH2012:KH.C8.659	49.57402832102351
KH2012:KH.L152.2	KH2012:KH.C2.48	49.04482402208438
KH2012:KH.S406.9	KH2012:KH.C3.21	48.16867662795371
KH2012:KH.C3.330	KH2012:KH.S406.9	47.87098018156259
KH2012:KH.S406.9	KH2012:KH.L9.13	47.59816057639062
KH2012:KH.C1.669	KH2012:KH.C13.22	46.75953399656868
KH2012:KH.C13.22	KH2012:KH.C7.261	46.721486901953604
KH2012:KH.C3.330	KH2012:KH.C8.482	46.70748236695373
KH2012:KH.C8.774	KH2012:KH.C4.699	46.611480861204285
KH2012:KH.S406.9	KH2012:KH.C9.423	46.570442651697796
KH2012:KH.C14.426	KH2012:KH.C9.837	46.493989079579585
KH2012:KH.L9.13	KH2012:KH.S406.9	46.27388503303922
KH2012:KH.C14.426	KH2012:KH.L152.2	46.24453176984711
KH2012:KH.L152.2	KH2012:KH.C1.175	45.319986470779234
KH2012:KH.C8.877	KH2012:KH.C14.483	45.24111388763286
KH2012:KH.C8.482	KH2012:KH.C3.330	45.16131326188453
KH2012:KH.C13.22	KH2012:KH.C7.427	45.12060451887289
KH2012:KH.L152.2	KH2012:KH.C9.512	44.84269741530205
KH2012:KH.C3.330	KH2012:KH.C8.877	44.71653685705482
KH2012:KH.L9.13	KH2012:KH.C8.877	44.52319994130701
KH2012:KH.C8.774	KH2012:KH.C13.36	44.48992364246539
KH2012:KH.C8.774	KH2012:KH.C14.426	44.38759693684031
KH2012:KH.L40.18	KH2012:KH.C13.22	44.25031726737545
KH2012:KH.L152.2	KH2012:KH.C5.596	44.24764304493674
KH2012:KH.C8.774	KH2012:KH.S1061.3	43.47369194405179
KH2012:KH.C3.330	KH2012:KH.C13.146	43.436974761085565
KH2012:KH.L40.18	KH2012:KH.C8.774	43.351476294929846
KH2012:KH.S406.9	KH2012:KH.C13.146	41.58209122396458
KH2012:KH.C14.426	KH2012:KH.C2.48	41.36542639984681
KH2012:KH.C1.669	KH2012:KH.C1.697	41.157698404183584
KH2012:KH.L152.2	KH2012:KH.C9.850	41.05734770267872
KH2012:KH.L152.2	KH2012:KH.S1061.3	40.853455075152404
KH2012:KH.C13.22	KH2012:KH.C7.473	40.49196150052122
KH2012:KH.C8.877	KH2012:KH.C1.1064	40.48909956833973
KH2012:KH.C8.482	KH2012:KH.S406.9	40.335758833409336
KH2012:KH.C8.774	KH2012:KH.C12.84	39.06770432543667
KH2012:KH.C1.669	KH2012:KH.C5.62	38.890012029642705
KH2012:KH.S406.9	KH2012:KH.C13.22	38.87724674180609
KH2012:KH.C13.22	KH2012:KH.C1.1064	38.475078688984674
KH2012:KH.C1.669	KH2012:KH.L96.23	38.44398716895768
KH2012:KH.C13.22	KH2012:KH.C2.932	38.39039126820138
KH2012:KH.C3.330	KH2012:KH.C13.22	38.379370902881625
KH2012:KH.C14.426	KH2012:KH.C11.468	38.375176512058786
KH2012:KH.C8.877	KH2012:KH.C6.94	38.22219505406184
KH2012:KH.S406.9	KH2012:KH.C7.261	38.152927496703725
KH2012:KH.C8.877	KH2012:KH.C3.330	38.10694241527332
KH2012:KH.L152.2	KH2012:KH.C10.264	38.06709591170922
KH2012:KH.C8.877	KH2012:KH.C7.261	37.99499707024368
KH2012:KH.C8.774	KH2012:KH.C1.369	37.84279886223116
KH2012:KH.L9.13	KH2012:KH.C8.482	37.46531516027546
KH2012:KH.L152.2	KH2012:KH.C8.659	37.104252931236495
KH2012:KH.S406.9	KH2012:KH.C8.482	36.697221485616396
KH2012:KH.L152.2	KH2012:KH.C3.736	36.653254852129166
KH2012:KH.C1.669	KH2012:KH.S406.15	36.64638601843375
KH2012:KH.C8.482	KH2012:KH.C8.877	36.45546373726007
KH2012:KH.C8.877	KH2012:KH.L9.13	36.42358465687489
KH2012:KH.C1.669	KH2012:KH.L116.40	36.405249336737796
KH2012:KH.L152.2	KH2012:KH.L9.13	36.27351904300576
KH2012:KH.L40.18	KH2012:KH.C14.65	36.10129767477185
KH2012:KH.S406.9	KH2012:KH.C14.426	36.05709136346993
KH2012:KH.C13.22	KH2012:KH.C10.350	35.83021494712613
KH2012:KH.L40.18	KH2012:KH.C7.487	35.5508400909228
KH2012:KH.C13.22	KH2012:KH.C8.635	35.545184003011585
KH2012:KH.L152.2	KH2012:KH.S406.15	35.38971546324978
KH2012:KH.C8.774	KH2012:KH.L9.13	35.14753022048997
KH2012:KH.C3.330	KH2012:KH.C7.261	35.0160014387559
KH2012:KH.C1.669	KH2012:KH.C10.350	34.95896465568189
KH2012:KH.L152.2	KH2012:KH.C12.650	34.84117452411251
KH2012:KH.S406.15	KH2012:KH.C1.669	34.76173162209865
KH2012:KH.C13.22	KH2012:KH.C13.36	34.71013294532468
KH2012:KH.C8.774	KH2012:KH.C6.94	34.6000227257531
KH2012:KH.L152.2	KH2012:KH.C5.62	34.568674690160506
KH2012:KH.C8.774	KH2012:KH.C8.660	34.3942624720389
KH2012:KH.L152.2	KH2012:KH.C9.837	34.36989456230694
KH2012:KH.L40.18	KH2012:KH.L152.2	34.32371672629292
KH2012:KH.L152.2	KH2012:KH.C9.541	34.28828609463384
KH2012:KH.C14.426	KH2012:KH.C9.850	33.88684708830862
KH2012:KH.C13.22	KH2012:KH.C3.21	33.823355781105214
KH2012:KH.C8.774	KH2012:KH.C2.48	33.796039864184436
KH2012:KH.C14.426	KH2012:KH.C6.94	33.77334294113788
KH2012:KH.C8.482	KH2012:KH.S908.2	33.67119879311226
KH2012:KH.C1.669	KH2012:KH.C1.175	33.550160003729175
KH2012:KH.L40.18	KH2012:KH.L87.11	33.46016343159037
KH2012:KH.S406.9	KH2012:KH.C12.650	33.037616937726604
KH2012:KH.S406.9	KH2012:KH.L13.35	32.987668525400075
KH2012:KH.C13.22	KH2012:KH.S406.9	32.95043264946459
KH2012:KH.L9.13	KH2012:KH.C8.774	32.75366538757363
KH2012:KH.L152.2	KH2012:KH.L30.2	32.581044779292704
KH2012:KH.C8.482	KH2012:KH.L9.13	32.5163015055247
KH2012:KH.L152.2	KH2012:KH.C1.697	32.48933008186737
KH2012:KH.C8.877	KH2012:KH.C13.146	32.42179228310347
KH2012:KH.C8.877	KH2012:KH.C12.650	32.32847030963917
KH2012:KH.L152.2	KH2012:KH.L130.10	32.21874016686375
KH2012:KH.C8.774	KH2012:KH.C7.427	32.16243143702288
KH2012:KH.C1.669	KH2012:KH.L110.3	32.092797949047956
KH2012:KH.C1.669	KH2012:KH.C12.650	31.981116027300665
KH2012:KH.L152.2	KH2012:KH.L96.23	31.86993067741995
KH2012:KH.S406.15	KH2012:KH.C1.175	31.761013429395682
KH2012:KH.C13.22	KH2012:KH.C13.146	31.598301235705854
KH2012:KH.C3.330	KH2012:KH.L87.38	31.54148697108595
KH2012:KH.C8.877	KH2012:KH.L65.8	31.309959185351026
KH2012:KH.L152.2	KH2012:KH.C8.660	31.242053938113532
KH2012:KH.L40.18	KH2012:KH.C10.264	31.05335284707574
KH2012:KH.C13.22	KH2012:KH.C1.1017	30.892728848874338
KH2012:KH.S406.9	KH2012:KH.S406.15	30.551935767800103
KH2012:KH.S406.9	KH2012:KH.C10.350	30.528430707611204
KH2012:KH.L152.2	KH2012:KH.C6.291	30.41344157250142
KH2012:KH.L9.13	KH2012:KH.C3.21	30.333071409447253
KH2012:KH.L40.18	KH2012:KH.C1.1064	30.263562431822102
KH2012:KH.C8.774	KH2012:KH.L65.8	30.110269724690966
KH2012:KH.S406.15	KH2012:KH.C14.483	29.763062283339966
KH2012:KH.C1.669	KH2012:KH.C2.33	29.623390685643013
KH2012:KH.L152.2	KH2012:KH.L141.43	29.3200282344531
KH2012:KH.C8.774	KH2012:KH.C5.596	29.216545429209006
KH2012:KH.S406.9	KH2012:KH.C9.512	29.181094410444818
KH2012:KH.L152.2	KH2012:KH.C2.33	29.12113604350892
KH2012:KH.C1.669	KH2012:KH.C14.426	29.04637531631609
KH2012:KH.C8.774	KH2012:KH.C6.291	29.045630226347612
KH2012:KH.L152.2	KH2012:KH.C7.487	28.846495843311104
KH2012:KH.L9.13	KH2012:KH.L152.2	28.520565278627195
KH2012:KH.S406.9	KH2012:KH.C3.330	28.431450736203875
KH2012:KH.C8.877	KH2012:KH.C4.42	28.415074080057195
KH2012:KH.C8.877	KH2012:KH.C3.21	28.270864413360965
KH2012:KH.L152.2	KH2012:KH.L40.18	28.253450171074274
KH2012:KH.C8.774	KH2012:KH.C10.152	27.983650244124643
KH2012:KH.L9.13	KH2012:KH.C13.22	27.94126809097684
KH2012:KH.C8.774	KH2012:KH.L130.10	27.7934737951442
KH2012:KH.C8.774	KH2012:KH.C1.697	27.673616918845706
KH2012:KH.L40.18	KH2012:KH.C4.42	27.616211563693316
KH2012:KH.C8.877	KH2012:KH.C9.512	27.13946939952374
KH2012:KH.C14.426	KH2012:KH.S406.9	27.05188814660464
KH2012:KH.C1.669	KH2012:KH.C7.487	26.819360390919734
KH2012:KH.L9.13	KH2012:KH.C7.261	26.526718929488233
KH2012:KH.L152.2	KH2012:KH.C11.212	26.44205315838477
KH2012:KH.L40.18	KH2012:KH.S1061.3	26.43120016517017
KH2012:KH.L40.18	KH2012:KH.C1.669	26.285485178131584
KH2012:KH.C8.877	KH2012:KH.C7.427	26.17463474766267
KH2012:KH.C14.426	KH2012:KH.C4.699	26.025736268821902
KH2012:KH.C8.774	KH2012:KH.C8.659	25.878088950691996
KH2012:KH.C8.877	KH2012:KH.C13.22	25.858416782264673
KH2012:KH.L152.2	KH2012:KH.L13.35	25.81504261135689
KH2012:KH.C3.330	KH2012:KH.C3.21	25.660318669666676
KH2012:KH.C14.426	KH2012:KH.C6.291	25.653209574573765
KH2012:KH.C1.669	KH2012:KH.L87.11	25.602003138138116
KH2012:KH.C8.482	KH2012:KH.C13.146	25.562601391422398
KH2012:KH.C1.669	KH2012:KH.L116.21	25.435204734225298
KH2012:KH.C13.22	KH2012:KH.C2.48	25.200859593345644
KH2012:KH.C1.669	KH2012:KH.C5.596	25.158819871856135
KH2012:KH.C1.669	KH2012:KH.C11.249	25.150603655744735
KH2012:KH.S406.9	KH2012:KH.C1.1064	25.10505418059214
KH2012:KH.C8.877	KH2012:KH.C1.175	25.068622854262433
KH2012:KH.C13.22	KH2012:KH.C8.877	25.06398066921762
KH2012:KH.C8.877	KH2012:KH.C13.36	24.971033439546083
KH2012:KH.L152.2	KH2012:KH.C12.84	24.952476578891947
KH2012:KH.L152.2	KH2012:KH.C6.94	24.939817833968497
KH2012:KH.C3.330	KH2012:KH.C1.1064	24.811323365750447
KH2012:KH.C8.774	KH2012:KH.L116.40	24.757321923137294
KH2012:KH.C8.774	KH2012:KH.C3.736	24.662620293333976
KH2012:KH.C8.774	KH2012:KH.C1.1064	24.488930429843357
KH2012:KH.C1.669	KH2012:KH.C11.212	24.471136599681483
KH2012:KH.L152.2	KH2012:KH.C13.22	24.42641016132737
KH2012:KH.C8.482	KH2012:KH.S406.15	24.36122217052272
KH2012:KH.C14.426	KH2012:KH.C7.487	24.3154148191896
KH2012:KH.S406.9	KH2012:KH.C11.212	24.287461592693912
KH2012:KH.C14.426	KH2012:KH.L155.23	24.26986582179794
KH2012:KH.S406.9	KH2012:KH.C5.62	24.2471277341985
KH2012:KH.S406.9	KH2012:KH.L152.2	24.13719669582538
KH2012:KH.L40.18	KH2012:KH.C8.372	24.056926307688194
KH2012:KH.C8.877	KH2012:KH.C2.48	23.70414133940071
KH2012:KH.C13.22	KH2012:KH.C3.330	23.69189326983164
KH2012:KH.C8.877	KH2012:KH.C12.84	23.68461089439923
KH2012:KH.S406.15	KH2012:KH.C13.36	23.64238154979831
KH2012:KH.C14.426	KH2012:KH.C9.512	23.550894662755997
KH2012:KH.C8.774	KH2012:KH.C8.372	23.45013787309881
KH2012:KH.C1.669	KH2012:KH.L130.10	23.35792864774431
KH2012:KH.C8.774	KH2012:KH.C9.850	23.35636350471972
KH2012:KH.C8.774	KH2012:KH.C9.541	23.279733123984112
KH2012:KH.C8.877	KH2012:KH.C9.423	23.26195763223582
KH2012:KH.S406.9	KH2012:KH.L116.21	23.244656745965088
KH2012:KH.C1.669	KH2012:KH.C9.757	23.054119325223876
KH2012:KH.S406.9	KH2012:KH.C4.42	23.023453236888486
KH2012:KH.L152.2	KH2012:KH.S406.9	22.831704120607323
KH2012:KH.C8.877	KH2012:KH.C8.482	22.82429430048885
KH2012:KH.L152.2	KH2012:KH.L116.21	22.775298591325583
KH2012:KH.L40.18	KH2012:KH.C13.146	22.706635519142843
KH2012:KH.C13.22	KH2012:KH.C1.369	22.601764996292196
KH2012:KH.S406.9	KH2012:KH.C8.372	22.548339819333354
KH2012:KH.C9.48	KH2012:KH.C8.877	22.396449214010865
KH2012:KH.C8.877	KH2012:KH.C5.62	22.30569182361972
KH2012:KH.C1.669	KH2012:KH.L155.23	22.050394862012954
KH2012:KH.L40.18	KH2012:KH.C11.468	21.969275657196658
KH2012:KH.C8.482	KH2012:KH.L87.38	21.746517697492493
KH2012:KH.C8.774	KH2012:KH.C1.175	21.729820932937823
KH2012:KH.C1.669	KH2012:KH.L13.35	21.723775493921572
KH2012:KH.L40.18	KH2012:KH.C4.699	21.515810173262928
KH2012:KH.C14.426	KH2012:KH.C1.1064	21.45808486774744
KH2012:KH.C8.774	KH2012:KH.C7.261	21.222787408998734
KH2012:KH.C8.774	KH2012:KH.C7.473	21.136878554961623
KH2012:KH.L40.18	KH2012:KH.C9.850	21.06553692683711
KH2012:KH.S406.15	KH2012:KH.C12.650	21.00955670368115
KH2012:KH.C8.877	KH2012:KH.C10.264	20.985272511807462
KH2012:KH.C8.774	KH2012:KH.C13.22	20.981912463404782
KH2012:KH.S406.9	KH2012:KH.C2.48	20.895673235623708
KH2012:KH.C13.22	KH2012:KH.C14.426	20.800833560947794
KH2012:KH.S406.15	KH2012:KH.L65.8	20.745527272902887
KH2012:KH.C8.774	KH2012:KH.C4.42	20.71479056295335
KH2012:KH.L9.13	KH2012:KH.S1061.3	20.706847398506742
KH2012:KH.S406.15	KH2012:KH.C7.64	20.69375107004699
KH2012:KH.C8.482	KH2012:KH.C3.21	20.67813526263207
KH2012:KH.C8.774	KH2012:KH.C9.423	20.635235653829987
KH2012:KH.C8.774	KH2012:KH.S406.15	20.46095899364594
KH2012:KH.C8.774	KH2012:KH.C11.212	20.41000929967713
KH2012:KH.L40.18	KH2012:KH.C10.152	20.396954519221282
KH2012:KH.C8.774	KH2012:KH.C1.669	20.369257761529717
KH2012:KH.S406.9	KH2012:KH.C8.774	20.298413606928555
KH2012:KH.C13.22	KH2012:KH.C9.837	20.15487531736157
KH2012:KH.C8.877	KH2012:KH.C8.372	20.13508020368681
KH2012:KH.C8.482	KH2012:KH.C1.1064	20.13123297610807
KH2012:KH.C13.22	KH2012:KH.C9.850	20.052066238897044
KH2012:KH.S406.9	KH2012:KH.S908.2	20.001944668076835
KH2012:KH.C1.669	KH2012:KH.C3.330	19.95551844793003
KH2012:KH.C8.877	KH2012:KH.C8.660	19.927605609706582
KH2012:KH.L40.18	KH2012:KH.C12.84	19.826939827050754
KH2012:KH.C13.22	KH2012:KH.L9.13	19.79659147474366
KH2012:KH.L9.13	KH2012:KH.L87.11	19.790844779307776
KH2012:KH.S406.15	KH2012:KH.L13.35	19.778080145207852
KH2012:KH.S406.15	KH2012:KH.C9.512	19.768005635723306
KH2012:KH.S406.15	KH2012:KH.C6.94	19.754713890703798
KH2012:KH.C1.669	KH2012:KH.L30.2	19.735899354551748
KH2012:KH.C14.426	KH2012:KH.L87.11	19.727477156672965
KH2012:KH.L40.18	KH2012:KH.C7.473	19.705741064581144
KH2012:KH.C8.877	KH2012:KH.S1061.3	19.6842356859597
KH2012:KH.L9.13	KH2012:KH.C13.146	19.67501711607952
KH2012:KH.C13.22	KH2012:KH.C7.559	19.60890644370685
KH2012:KH.C8.774	KH2012:KH.L110.3	19.555740103225407
KH2012:KH.L152.2	KH2012:KH.C10.152	19.544913243998003
KH2012:KH.S406.9	KH2012:KH.C7.199	19.42425047539545
KH2012:KH.C13.22	KH2012:KH.C14.483	19.383616915634448
KH2012:KH.C13.22	KH2012:KH.S406.15	19.350652259274185
KH2012:KH.C9.48	KH2012:KH.S406.9	19.324172750634812
KH2012:KH.L9.13	KH2012:KH.L40.18	19.28258417775456
KH2012:KH.C1.669	KH2012:KH.C9.850	19.261071409278507
KH2012:KH.C13.22	KH2012:KH.C12.84	19.149290832211314
KH2012:KH.L152.2	KH2012:KH.L141.36	19.137151388174175
KH2012:KH.C8.774	KH2012:KH.C9.837	19.072076298869046
KH2012:KH.C8.877	KH2012:KH.C7.559	19.063344598764637
KH2012:KH.S406.9	KH2012:KH.C1.175	19.044877338826236
KH2012:KH.L152.2	KH2012:KH.L155.23	19.012993806469478
KH2012:KH.C8.877	KH2012:KH.L152.2	18.996965031827983
KH2012:KH.S406.15	KH2012:KH.C14.116	18.99206932014065
KH2012:KH.C1.669	KH2012:KH.C8.877	18.96171203357523
KH2012:KH.C8.774	KH2012:KH.C7.487	18.93746645547013
KH2012:KH.S406.9	KH2012:KH.S1061.3	18.87820936845681
KH2012:KH.C8.877	KH2012:KH.L87.11	18.866111566044896
KH2012:KH.C13.22	KH2012:KH.C10.152	18.861385015584567
KH2012:KH.S406.15	KH2012:KH.C4.42	18.820121965303535
KH2012:KH.C14.426	KH2012:KH.C3.736	18.764129857398466
KH2012:KH.S406.9	KH2012:KH.C12.84	18.704013028234975
KH2012:KH.S406.9	KH2012:KH.C6.94	18.701176030866563
KH2012:KH.L9.13	KH2012:KH.C13.36	18.62787542864683
KH2012:KH.C13.22	KH2012:KH.C1.669	18.611250164138006
KH2012:KH.C8.774	KH2012:KH.L22.52	18.594546725865932
KH2012:KH.S406.15	KH2012:KH.C7.427	18.53853970973246
KH2012:KH.C8.774	KH2012:KH.C11.600	18.448674910037788
KH2012:KH.C1.669	KH2012:KH.C3.736	18.39621109053049
KH2012:KH.L40.18	KH2012:KH.L9.13	18.367758215249292
KH2012:KH.C13.22	KH2012:KH.C8.774	18.330879228600875
KH2012:KH.S406.15	KH2012:KH.C11.212	18.29724163353691
KH2012:KH.C1.669	KH2012:KH.L22.52	18.295831290708247
KH2012:KH.L9.13	KH2012:KH.C14.65	18.259175382704587
KH2012:KH.L9.13	KH2012:KH.C8.635	18.229383553281995
KH2012:KH.L9.13	KH2012:KH.C1.175	18.181705682432483
KH2012:KH.C3.330	KH2012:KH.C4.699	18.163977522445098
KH2012:KH.C9.48	KH2012:KH.C6.94	18.155782677880936
KH2012:KH.L40.18	KH2012:KH.L65.8	18.146414611589268
KH2012:KH.S406.9	KH2012:KH.L65.8	17.96424345462342
KH2012:KH.C1.669	KH2012:KH.L18.58	17.935487380415054
KH2012:KH.C8.482	KH2012:KH.C7.559	17.907063883444792
KH2012:KH.C8.877	KH2012:KH.C6.291	17.850241097713187
KH2012:KH.C1.669	KH2012:KH.C8.660	17.844400113222594
KH2012:KH.L40.18	KH2012:KH.C8.660	17.82349449599904
KH2012:KH.C8.774	KH2012:KH.S406.9	17.765599029516103
KH2012:KH.L40.18	KH2012:KH.C6.94	17.6185126949893
KH2012:KH.C8.774	KH2012:KH.C10.350	17.58820873692911
KH2012:KH.C3.330	KH2012:KH.L40.18	17.57831729650033
KH2012:KH.C1.669	KH2012:KH.C1.1017	17.569514826499105
KH2012:KH.C13.22	KH2012:KH.L152.2	17.534036192665937
KH2012:KH.C8.877	KH2012:KH.C14.426	17.507750763131398
KH2012:KH.L152.2	KH2012:KH.C1.1017	17.49579153997617
KH2012:KH.S406.9	KH2012:KH.C1.697	17.486805884646746
KH2012:KH.C3.330	KH2012:KH.S406.15	17.479729888298376
KH2012:KH.L40.18	KH2012:KH.C7.427	17.477956748500013
KH2012:KH.C8.774	KH2012:KH.C10.364	17.447407131076424
KH2012:KH.C14.426	KH2012:KH.C8.774	17.331066418130362
KH2012:KH.L40.18	KH2012:KH.L130.10	17.223529767989525
KH2012:KH.S406.9	KH2012:KH.C10.264	17.223216511649735
KH2012:KH.C3.330	KH2012:KH.C8.774	17.193657567603164
KH2012:KH.C8.482	KH2012:KH.C8.774	17.101864634894305
KH2012:KH.C1.669	KH2012:KH.L141.43	17.100287813991606
KH2012:KH.C8.877	KH2012:KH.C8.659	17.024924452567365
KH2012:KH.C14.426	KH2012:KH.L130.10	16.99608888080274
KH2012:KH.C13.22	KH2012:KH.C5.596	16.94566409544638
KH2012:KH.S406.15	KH2012:KH.C5.62	16.94067575443413
KH2012:KH.S406.9	KH2012:KH.L22.52	16.86862789711294
KH2012:KH.L152.2	KH2012:KH.C3.516	16.86292747289203
KH2012:KH.C13.22	KH2012:KH.C6.94	16.85867476238935
KH2012:KH.C8.774	KH2012:KH.C5.62	16.83662143201613
KH2012:KH.S406.15	KH2012:KH.C8.372	16.74518213706381
KH2012:KH.C3.330	KH2012:KH.S1061.3	16.71387707536745
KH2012:KH.C13.22	KH2012:KH.L87.11	16.65691426233434
KH2012:KH.C8.774	KH2012:KH.C10.264	16.65231185542096
KH2012:KH.L152.2	KH2012:KH.C3.315	16.64462201696416
KH2012:KH.S406.9	KH2012:KH.C13.36	16.611984449451874
KH2012:KH.C13.22	KH2012:KH.L87.38	16.584085427425347
KH2012:KH.C14.426	KH2012:KH.S406.15	16.57979580891209
KH2012:KH.C8.877	KH2012:KH.L110.3	16.565025641706942
KH2012:KH.L9.13	KH2012:KH.C1.369	16.524966906234503
KH2012:KH.C8.877	KH2012:KH.L13.35	16.431105717906455
KH2012:KH.S406.15	KH2012:KH.C2.33	16.402556872934586
KH2012:KH.S406.9	KH2012:KH.C1.669	16.356786712616113
KH2012:KH.L152.2	KH2012:KH.C7.753	16.35033037825441
KH2012:KH.L40.18	KH2012:KH.C9.512	16.335598894639034
KH2012:KH.S406.9	KH2012:KH.L116.40	16.287917884618867
KH2012:KH.C1.669	KH2012:KH.L40.18	16.224967054850566
KH2012:KH.L152.2	KH2012:KH.C9.757	16.169592657304985
KH2012:KH.S406.9	KH2012:KH.L110.3	16.144326678622054
KH2012:KH.C3.330	KH2012:KH.L152.2	16.07216425097537
KH2012:KH.C8.877	KH2012:KH.C11.212	15.991190014248806
KH2012:KH.L9.13	KH2012:KH.C11.468	15.9760272834592
KH2012:KH.L152.2	KH2012:KH.C11.600	15.945575850070917
KH2012:KH.S406.9	KH2012:KH.C14.116	15.943664409594287
KH2012:KH.L9.13	KH2012:KH.C8.660	15.937202309511035
KH2012:KH.S406.9	KH2012:KH.C6.291	15.916781990890886
KH2012:KH.L40.18	KH2012:KH.L116.40	15.90528165284615
KH2012:KH.C8.877	KH2012:KH.C7.473	15.894191495641914
KH2012:KH.L40.18	KH2012:KH.L96.23	15.854559488366279
KH2012:KH.C8.482	KH2012:KH.C10.350	15.779641037911466
KH2012:KH.C14.426	KH2012:KH.C1.669	15.753533643765032
KH2012:KH.C8.774	KH2012:KH.C3.315	15.73522798881712
KH2012:KH.C8.877	KH2012:KH.L87.38	15.735165675253864
KH2012:KH.C9.48	KH2012:KH.C10.350	15.711816559123374
KH2012:KH.C8.877	KH2012:KH.L22.52	15.706577867304528
KH2012:KH.L9.13	KH2012:KH.C5.596	15.65117922398037
KH2012:KH.C3.330	KH2012:KH.C10.350	15.567543966316016
KH2012:KH.L40.18	KH2012:KH.C2.932	15.536742542283505
KH2012:KH.S406.9	KH2012:KH.C14.65	15.513237641593989
KH2012:KH.C8.877	KH2012:KH.C1.669	15.418310054215208
KH2012:KH.S406.15	KH2012:KH.C9.423	15.401830673150025
KH2012:KH.C8.877	KH2012:KH.C8.774	15.382232943167658
KH2012:KH.S406.15	KH2012:KH.S908.2	15.373046817596665
KH2012:KH.L9.13	KH2012:KH.C6.94	15.326601650301333
KH2012:KH.C14.426	KH2012:KH.C13.22	15.30733595050124
KH2012:KH.S406.9	KH2012:KH.C4.699	15.266729414658652
KH2012:KH.C9.48	KH2012:KH.C1.669	15.186679711561537
KH2012:KH.C3.330	KH2012:KH.C7.199	15.057550628128787
KH2012:KH.S406.9	KH2012:KH.L30.2	14.98704406084815
KH2012:KH.L40.18	KH2012:KH.S406.15	14.958983902974634
KH2012:KH.S406.9	KH2012:KH.L155.23	14.954992570626716
KH2012:KH.C1.669	KH2012:KH.C8.774	14.90642023670535
KH2012:KH.C1.669	KH2012:KH.C13.36	14.86949802398982
KH2012:KH.L9.13	KH2012:KH.S406.15	14.857298138428524
KH2012:KH.S406.9	KH2012:KH.C14.483	14.855426443571199
KH2012:KH.C13.22	KH2012:KH.L65.8	14.833685540370782
KH2012:KH.S406.15	KH2012:KH.C10.264	14.82057307760106
KH2012:KH.L9.13	KH2012:KH.C10.152	14.712840840020245
KH2012:KH.L40.18	KH2012:KH.C11.600	14.69630398372096
KH2012:KH.C8.877	KH2012:KH.L116.21	14.528231881965436
KH2012:KH.C1.669	KH2012:KH.C7.473	14.480780080499157
KH2012:KH.L152.2	KH2012:KH.C8.877	14.44448623557205
KH2012:KH.C8.774	KH2012:KH.L96.23	14.361493686338697
KH2012:KH.L40.18	KH2012:KH.C8.659	14.32867090622318
KH2012:KH.L152.2	KH2012:KH.L22.52	14.294648978006379
KH2012:KH.S406.15	KH2012:KH.S1061.3	14.247062730466801
KH2012:KH.C13.22	KH2012:KH.S1061.3	14.22544943335076
KH2012:KH.C13.22	KH2012:KH.C8.660	14.213444967482054
KH2012:KH.C1.669	KH2012:KH.C4.699	14.200130446782627
KH2012:KH.C8.774	KH2012:KH.C8.877	14.184957837310257
KH2012:KH.C8.877	KH2012:KH.C4.699	14.144783341259357
KH2012:KH.L9.13	KH2012:KH.C10.350	14.139479666475818
KH2012:KH.L40.18	KH2012:KH.C11.442	14.136609745057442
KH2012:KH.S406.9	KH2012:KH.L87.11	14.105138250032713
KH2012:KH.C8.877	KH2012:KH.C2.33	14.103695821249712
KH2012:KH.S406.9	KH2012:KH.C11.249	14.017210472534773
KH2012:KH.C8.877	KH2012:KH.S908.2	14.00732387825729
KH2012:KH.C1.669	KH2012:KH.L141.36	13.991918188903146
KH2012:KH.C8.774	KH2012:KH.C3.330	13.991881071328335
KH2012:KH.S406.9	KH2012:KH.C9.850	13.960478374903296
KH2012:KH.S406.9	KH2012:KH.C9.757	13.917356824376549
KH2012:KH.C8.877	KH2012:KH.L116.40	13.908050113820302
KH2012:KH.S406.9	KH2012:KH.C11.442	13.901311008253838
KH2012:KH.L40.18	KH2012:KH.C14.483	13.884052505665315
KH2012:KH.L40.18	KH2012:KH.C10.350	13.858768925974696
KH2012:KH.S406.9	KH2012:KH.C11.468	13.81607708864916
KH2012:KH.L9.13	KH2012:KH.C9.850	13.742795911743842
KH2012:KH.C8.877	KH2012:KH.L141.43	13.715861453066545
KH2012:KH.L40.18	KH2012:KH.C9.757	13.715547217616711
KH2012:KH.C13.22	KH2012:KH.C14.65	13.687790319347782
KH2012:KH.L40.18	KH2012:KH.C3.736	13.679462340535414
KH2012:KH.S406.15	KH2012:KH.C10.350	13.65156168772334
KH2012:KH.S406.9	KH2012:KH.L40.18	13.628329507642349
KH2012:KH.L9.13	KH2012:KH.C3.736	13.619359832779416
KH2012:KH.C9.48	KH2012:KH.L130.10	13.608536709236937
KH2012:KH.C13.22	KH2012:KH.L18.58	13.580864424691171
KH2012:KH.C14.426	KH2012:KH.C10.264	13.525287424681288
KH2012:KH.C14.426	KH2012:KH.L116.40	13.521664701756144
KH2012:KH.S406.9	KH2012:KH.C9.48	13.514891391807206
KH2012:KH.C8.774	KH2012:KH.C9.757	13.512326783795565
KH2012:KH.L40.18	KH2012:KH.L110.3	13.480650339142388
KH2012:KH.L9.13	KH2012:KH.C14.426	13.464449047119171
KH2012:KH.L9.13	KH2012:KH.C9.541	13.437928563906313
KH2012:KH.C1.669	KH2012:KH.C1.369	13.36889953656006
KH2012:KH.C9.48	KH2012:KH.L152.2	13.364534809141444
KH2012:KH.C13.22	KH2012:KH.L13.35	13.358085245441345
KH2012:KH.C1.669	KH2012:KH.C7.559	13.306147759477229
KH2012:KH.L40.18	KH2012:KH.C2.48	13.28288163797844
KH2012:KH.S406.15	KH2012:KH.C7.261	13.281708636136646
KH2012:KH.C1.669	KH2012:KH.C3.315	13.228247453818636
KH2012:KH.C13.22	KH2012:KH.C9.757	13.178376285701928
KH2012:KH.S406.9	KH2012:KH.L87.38	13.160640364110671
KH2012:KH.C13.22	KH2012:KH.C5.62	13.146058593231123
KH2012:KH.L152.2	KH2012:KH.C6.138	13.142232798876531
KH2012:KH.C3.330	KH2012:KH.C11.442	13.123048263957175
KH2012:KH.S406.9	KH2012:KH.C8.660	13.10390498355526
KH2012:KH.L152.2	KH2012:KH.C13.146	13.085157703106423
KH2012:KH.C13.22	KH2012:KH.C3.315	13.061255548543693
KH2012:KH.S406.9	KH2012:KH.C8.659	13.057674321016671
KH2012:KH.C3.330	KH2012:KH.C1.175	13.057011910251967
KH2012:KH.C13.22	KH2012:KH.L141.21	13.025507693207693
KH2012:KH.C14.426	KH2012:KH.C10.364	13.017190948480252
KH2012:KH.C14.426	KH2012:KH.C9.423	13.003639102339129
KH2012:KH.L40.18	KH2012:KH.C6.138	12.991937513695337
KH2012:KH.C8.877	KH2012:KH.C14.65	12.990053668283101
KH2012:KH.C1.669	KH2012:KH.C12.84	12.953210543874995
KH2012:KH.L40.18	KH2012:KH.C2.33	12.948640429948954
KH2012:KH.C3.330	KH2012:KH.L87.11	12.934922324346106
KH2012:KH.C8.774	KH2012:KH.C6.138	12.918947432264174
KH2012:KH.L40.18	KH2012:KH.C7.559	12.903948776820807
KH2012:KH.C13.22	KH2012:KH.L96.23	12.8865954924956
KH2012:KH.C8.774	KH2012:KH.C12.650	12.884224803129278
KH2012:KH.C13.22	KH2012:KH.C10.264	12.880621931934428
KH2012:KH.C8.774	KH2012:KH.C14.483	12.850480019142553
KH2012:KH.S406.15	KH2012:KH.C5.596	12.83984729811676
KH2012:KH.C8.774	KH2012:KH.C7.559	12.835010830119847
KH2012:KH.S406.15	KH2012:KH.L152.2	12.820491405134787
KH2012:KH.C14.426	KH2012:KH.C8.877	12.798872959147415
KH2012:KH.C3.330	KH2012:KH.C12.84	12.791875308214305
KH2012:KH.L152.2	KH2012:KH.C10.364	12.780480971011098
KH2012:KH.S406.9	KH2012:KH.C7.427	12.776876676177574
KH2012:KH.C3.330	KH2012:KH.L110.3	12.754260187178485
KH2012:KH.C14.426	KH2012:KH.C13.146	12.740867644729997
KH2012:KH.L9.13	KH2012:KH.L87.38	12.707983403655623
KH2012:KH.C13.22	KH2012:KH.C2.33	12.697836783954449
KH2012:KH.C3.330	KH2012:KH.C10.152	12.685725062553539
KH2012:KH.S406.15	KH2012:KH.L130.10	12.661108975163323
KH2012:KH.L152.2	KH2012:KH.C11.249	12.660289911391116
KH2012:KH.L152.2	KH2012:KH.C1.369	12.644980290705167
KH2012:KH.C8.877	KH2012:KH.C14.116	12.644769142203094
KH2012:KH.C1.669	KH2012:KH.C9.541	12.624781510220599
KH2012:KH.L9.13	KH2012:KH.C7.487	12.495463948285163
KH2012:KH.C14.426	KH2012:KH.C9.757	12.49143482580921
KH2012:KH.C8.482	KH2012:KH.C7.261	12.475065187832
KH2012:KH.C8.877	KH2012:KH.C8.635	12.470773360075354
KH2012:KH.C3.330	KH2012:KH.C10.264	12.412090808337645
KH2012:KH.C1.669	KH2012:KH.C7.427	12.402226142980497
KH2012:KH.S406.9	KH2012:KH.C5.596	12.400551724706688
KH2012:KH.C8.774	KH2012:KH.C11.249	12.38629638188724
KH2012:KH.C8.877	KH2012:KH.C11.249	12.320903270400121
KH2012:KH.C1.669	KH2012:KH.C8.635	12.267920588651073
KH2012:KH.C8.774	KH2012:KH.C3.21	12.218080554175263
KH2012:KH.S406.15	KH2012:KH.C11.468	12.215836364986792
KH2012:KH.C14.426	KH2012:KH.C8.659	12.170009640650802
KH2012:KH.L40.18	KH2012:KH.C1.175	12.109128900709692
KH2012:KH.L152.2	KH2012:KH.C10.350	12.106241768400034
KH2012:KH.C3.330	KH2012:KH.C11.249	12.090372993910973
KH2012:KH.S406.15	KH2012:KH.C8.482	12.025552058731833
KH2012:KH.C14.426	KH2012:KH.C7.427	11.952415667920874
KH2012:KH.C13.22	KH2012:KH.C11.600	11.928540742644806
KH2012:KH.C13.22	KH2012:KH.C11.468	11.908717664081175
KH2012:KH.L9.13	KH2012:KH.C1.1064	11.872504074213456
KH2012:KH.C13.22	KH2012:KH.C9.512	11.866168918329725
KH2012:KH.L40.18	KH2012:KH.L13.35	11.861317870836151
KH2012:KH.C8.774	KH2012:KH.C2.33	11.845768351528204
KH2012:KH.C9.48	KH2012:KH.C6.291	11.829707880661164
KH2012:KH.C8.877	KH2012:KH.C9.48	11.79842163814254
KH2012:KH.L40.18	KH2012:KH.C9.541	11.796198748823455
KH2012:KH.C13.22	KH2012:KH.C12.650	11.78413233454385
KH2012:KH.C13.22	KH2012:KH.C4.42	11.777663795612122
KH2012:KH.C8.877	KH2012:KH.C1.369	11.73635457180058
KH2012:KH.L152.2	KH2012:KH.C1.1064	11.732884674517106
KH2012:KH.C8.774	KH2012:KH.C7.753	11.690786656714868
KH2012:KH.S406.9	KH2012:KH.L141.43	11.66672222998744
KH2012:KH.L152.2	KH2012:KH.C14.116	11.66330983918359
KH2012:KH.S406.15	KH2012:KH.C8.877	11.63523762955378
KH2012:KH.C8.774	KH2012:KH.L141.21	11.624080445112197
KH2012:KH.C8.482	KH2012:KH.C13.22	11.623083977058412
KH2012:KH.S406.9	KH2012:KH.C7.753	11.578232657081408
KH2012:KH.C8.774	KH2012:KH.C1.1017	11.552837360021925
KH2012:KH.S406.15	KH2012:KH.L87.38	11.551886528973988
KH2012:KH.C13.22	KH2012:KH.C1.175	11.518208245968507
KH2012:KH.C8.877	KH2012:KH.C11.442	11.485997332857366
KH2012:KH.C9.48	KH2012:KH.C3.736	11.447073057440376
KH2012:KH.C3.330	KH2012:KH.C1.369	11.443988164465834
KH2012:KH.C8.774	KH2012:KH.S605.3	11.404579124583327
KH2012:KH.L152.2	KH2012:KH.L18.58	11.37033266239737
KH2012:KH.S406.15	KH2012:KH.C1.1064	11.35876705460881
KH2012:KH.S406.15	KH2012:KH.C14.65	11.35656058622514
KH2012:KH.C13.22	KH2012:KH.C8.482	11.295235565978459
KH2012:KH.C3.330	KH2012:KH.C13.36	11.2939598949194
KH2012:KH.C14.426	KH2012:KH.L65.8	11.27908688110943
KH2012:KH.L40.18	KH2012:KH.C5.596	11.257043226750252
KH2012:KH.C13.22	KH2012:KH.L130.10	11.255626440114206
KH2012:KH.L152.2	KH2012:KH.C7.261	11.245581101185065
KH2012:KH.C9.48	KH2012:KH.L65.8	11.205734527761223
KH2012:KH.C1.669	KH2012:KH.C6.291	11.167886230352932
KH2012:KH.S406.15	KH2012:KH.C8.774	11.157966472030688
KH2012:KH.C1.669	KH2012:KH.C13.146	11.12866298333853
KH2012:KH.C8.774	KH2012:KH.L116.21	11.093418414287195
KH2012:KH.L40.18	KH2012:KH.C6.291	11.075392545339513
KH2012:KH.S406.15	KH2012:KH.L116.21	11.039597634830827
KH2012:KH.C8.774	KH2012:KH.L13.35	11.033879434462452
KH2012:KH.C8.774	KH2012:KH.L30.2	11.026828758855697
KH2012:KH.C3.330	KH2012:KH.C4.42	11.013271579547135
KH2012:KH.S406.15	KH2012:KH.L116.40	10.991050134532848
KH2012:KH.S406.15	KH2012:KH.C8.659	10.965287196225217
KH2012:KH.C3.330	KH2012:KH.C1.1017	10.959816359126672
KH2012:KH.C8.877	KH2012:KH.L40.18	10.908505358007439
KH2012:KH.C3.330	KH2012:KH.C14.426	10.869398356249022
KH2012:KH.C1.669	KH2012:KH.C6.94	10.86673685328925
KH2012:KH.C14.426	KH2012:KH.C8.660	10.826575941186691
KH2012:KH.C1.669	KH2012:KH.C10.152	10.77102546358958
KH2012:KH.C14.426	KH2012:KH.C7.261	10.758911378167184
KH2012:KH.C9.48	KH2012:KH.L110.3	10.735581441968026
KH2012:KH.C14.426	KH2012:KH.L141.43	10.696674588283539
KH2012:KH.C8.482	KH2012:KH.C13.36	10.69165779221626
KH2012:KH.C13.22	KH2012:KH.C4.699	10.622395825375946
KH2012:KH.C14.426	KH2012:KH.L87.38	10.614833061000054
KH2012:KH.C8.774	KH2012:KH.C8.635	10.609253519817981
KH2012:KH.C14.426	KH2012:KH.C8.482	10.608432697548269
KH2012:KH.L40.18	KH2012:KH.C14.426	10.59461495681705
KH2012:KH.C14.426	KH2012:KH.C12.650	10.573581350512537
KH2012:KH.C1.669	KH2012:KH.S406.9	10.572460467630037
KH2012:KH.C14.426	KH2012:KH.L96.23	10.568490511994112
KH2012:KH.C8.877	KH2012:KH.C9.837	10.56199374288392
KH2012:KH.C14.426	KH2012:KH.C3.21	10.559028268215172
KH2012:KH.C8.877	KH2012:KH.C6.138	10.543894747692642
KH2012:KH.C8.877	KH2012:KH.C1.697	10.539269976811497
KH2012:KH.C13.22	KH2012:KH.C1.697	10.521556021268834
KH2012:KH.L152.2	KH2012:KH.S605.3	10.513900013811345
KH2012:KH.C13.22	KH2012:KH.C11.442	10.48448859381354
KH2012:KH.C3.330	KH2012:KH.C8.635	10.484330568022601
KH2012:KH.L9.13	KH2012:KH.C7.559	10.479973201508422
KH2012:KH.C14.426	KH2012:KH.C8.372	10.469604560802761
KH2012:KH.C8.482	KH2012:KH.L152.2	10.459796587332473
KH2012:KH.C13.22	KH2012:KH.C9.423	10.440752399601859
KH2012:KH.S406.15	KH2012:KH.C13.22	10.394781224605243
KH2012:KH.C8.774	KH2012:KH.C8.482	10.373103144199797
KH2012:KH.S406.9	KH2012:KH.C9.541	10.35719504900168
KH2012:KH.L9.13	KH2012:KH.C14.483	10.339546900808383
KH2012:KH.L40.18	KH2012:KH.S406.9	10.319636425729648
KH2012:KH.C3.330	KH2012:KH.C7.559	10.316924652429648
KH2012:KH.S406.9	KH2012:KH.C2.33	10.30088905309605
KH2012:KH.C8.877	KH2012:KH.C9.850	10.299007416994876
KH2012:KH.L40.18	KH2012:KH.C3.330	10.296991237729074
KH2012:KH.C8.482	KH2012:KH.C12.84	10.280637089374865
KH2012:KH.L9.13	KH2012:KH.C2.48	10.277270244011085
KH2012:KH.L152.2	KH2012:KH.C3.21	10.270043883962487
KH2012:KH.L152.2	KH2012:KH.C3.330	10.269520845510694
KH2012:KH.C3.330	KH2012:KH.C14.483	10.267884500047954
KH2012:KH.C14.426	KH2012:KH.C5.596	10.250814240589277
KH2012:KH.C8.877	KH2012:KH.C5.596	10.222423449704337
KH2012:KH.C9.48	KH2012:KH.L116.40	10.217562039004807
KH2012:KH.C9.48	KH2012:KH.L87.11	10.17744026680028
KH2012:KH.C1.669	KH2012:KH.C1.1064	10.16969178985574
KH2012:KH.S406.15	KH2012:KH.C7.559	10.116750844902127
KH2012:KH.S406.15	KH2012:KH.L87.11	10.081535429642743
KH2012:KH.C13.22	KH2012:KH.C7.487	10.076986217056415
KH2012:KH.S406.15	KH2012:KH.C7.753	10.004774879128517
KH2012:KH.C3.330	KH2012:KH.C6.291	9.96137071087157
KH2012:KH.S406.15	KH2012:KH.C7.473	9.960959002707915
KH2012:KH.L9.13	KH2012:KH.L130.10	9.94444848563139
KH2012:KH.S406.9	KH2012:KH.C7.559	9.880769911799952
KH2012:KH.C13.22	KH2012:KH.L110.3	9.872224560070812
KH2012:KH.C1.669	KH2012:KH.C8.482	9.853449485487136
KH2012:KH.L9.13	KH2012:KH.C7.199	9.847565864644125
KH2012:KH.C9.48	KH2012:KH.C9.541	9.783139477214574
KH2012:KH.S406.9	KH2012:KH.L141.21	9.782641875813253
KH2012:KH.C1.669	KH2012:KH.C7.261	9.77636848974675
KH2012:KH.C8.774	KH2012:KH.L18.58	9.76448717818456
KH2012:KH.C9.48	KH2012:KH.C9.837	9.755368681103533
KH2012:KH.C13.22	KH2012:KH.C11.212	9.724822503199848
KH2012:KH.S406.9	KH2012:KH.C7.473	9.713810162290876
KH2012:KH.L40.18	KH2012:KH.C11.212	9.712398444952186
KH2012:KH.L40.18	KH2012:KH.C10.364	9.710355357237836
KH2012:KH.C14.426	KH2012:KH.L40.18	9.702145747245213
KH2012:KH.S406.15	KH2012:KH.C12.84	9.668862226990708
KH2012:KH.C13.22	KH2012:KH.C3.736	9.643663301268013
KH2012:KH.C8.877	KH2012:KH.L130.10	9.62567727171814
KH2012:KH.C1.669	KH2012:KH.C9.837	9.618742726564896
KH2012:KH.L9.13	KH2012:KH.C8.372	9.614170536476205
KH2012:KH.L40.18	KH2012:KH.C1.369	9.587779858151611
KH2012:KH.C8.482	KH2012:KH.C10.264	9.572609980624852
KH2012:KH.L9.13	KH2012:KH.C12.650	9.560955473961727
KH2012:KH.S406.15	KH2012:KH.L110.3	9.542423520989374
KH2012:KH.C8.877	KH2012:KH.C9.757	9.5269688693137
KH2012:KH.C8.877	KH2012:KH.C3.736	9.522736431375243
KH2012:KH.C14.426	KH2012:KH.C2.33	9.521151830468488
KH2012:KH.S406.9	KH2012:KH.C3.736	9.509310373035055
KH2012:KH.L40.18	KH2012:KH.L141.21	9.47146172907485
KH2012:KH.L9.13	KH2012:KH.C10.364	9.451184933642518
KH2012:KH.C14.426	KH2012:KH.C1.175	9.450367815549937
KH2012:KH.C3.330	KH2012:KH.C5.596	9.448193877739216
KH2012:KH.C14.426	KH2012:KH.C9.541	9.400016511485038
KH2012:KH.C14.426	KH2012:KH.C10.350	9.378981116759626
KH2012:KH.C8.877	KH2012:KH.C7.199	9.37825730547282
KH2012:KH.C14.426	KH2012:KH.C14.65	9.373598898965053
KH2012:KH.L9.13	KH2012:KH.C1.1017	9.365474250544786
KH2012:KH.L9.13	KH2012:KH.C9.423	9.34180049471476
KH2012:KH.C13.22	KH2012:KH.C6.291	9.331977172274552
KH2012:KH.C8.482	KH2012:KH.C11.442	9.287122468771535
KH2012:KH.C3.330	KH2012:KH.C11.468	9.284131383444022
KH2012:KH.C3.330	KH2012:KH.C2.33	9.21290051839873
KH2012:KH.C9.48	KH2012:KH.C12.84	9.190697431834051
KH2012:KH.L40.18	KH2012:KH.C13.36	9.132216406552448
KH2012:KH.L9.13	KH2012:KH.C6.291	9.117168797529965
KH2012:KH.L40.18	KH2012:KH.L18.58	9.025369568911692
KH2012:KH.C8.877	KH2012:KH.C11.468	9.024522990534853
KH2012:KH.S406.15	KH2012:KH.L96.23	9.022141168221271
KH2012:KH.C14.426	KH2012:KH.C1.369	9.01295295440066
KH2012:KH.L152.2	KH2012:KH.C7.559	8.974565449687526
KH2012:KH.L9.13	KH2012:KH.C5.62	8.972822399081277
KH2012:KH.L152.2	KH2012:KH.C8.482	8.928811361907712
KH2012:KH.L40.18	KH2012:KH.C3.21	8.927352546154363
KH2012:KH.S406.15	KH2012:KH.C14.426	8.899789310980687
KH2012:KH.C3.330	KH2012:KH.C9.423	8.880992901873977
KH2012:KH.C1.669	KH2012:KH.C2.48	8.879737669832368
KH2012:KH.S406.9	KH2012:KH.C10.152	8.810569865222043
KH2012:KH.C8.877	KH2012:KH.C1.1017	8.803462037931451
KH2012:KH.C9.48	KH2012:KH.C13.36	8.702877926791196
KH2012:KH.S406.9	KH2012:KH.C10.364	8.669430084929116
KH2012:KH.C8.774	KH2012:KH.L141.43	8.665180757678254
KH2012:KH.S406.9	KH2012:KH.C7.64	8.635011408123331
KH2012:KH.C8.482	KH2012:KH.C2.33	8.608477475907783
KH2012:KH.C3.330	KH2012:KH.C9.837	8.60001924983333
KH2012:KH.C8.774	KH2012:KH.C9.512	8.586466408744485
KH2012:KH.L9.13	KH2012:KH.L110.3	8.57422536858095
KH2012:KH.C3.330	KH2012:KH.C9.541	8.508976513864212
KH2012:KH.C1.669	KH2012:KH.C14.116	8.502754385882847
KH2012:KH.C3.330	KH2012:KH.L65.8	8.501961223065113
KH2012:KH.S406.15	KH2012:KH.S406.9	8.497162871321203
KH2012:KH.C9.48	KH2012:KH.C14.426	8.494693061985227
KH2012:KH.C9.48	KH2012:KH.C2.33	8.4745677339959
KH2012:KH.C8.877	KH2012:KH.C7.753	8.449234794573677
KH2012:KH.L152.2	KH2012:KH.L141.21	8.424065708499565
KH2012:KH.C9.48	KH2012:KH.S908.2	8.41505793219267
KH2012:KH.S406.15	KH2012:KH.C13.146	8.413618583606155
KH2012:KH.C3.330	KH2012:KH.C14.65	8.400266182790428
KH2012:KH.L40.18	KH2012:KH.C1.1017	8.396102958825631
KH2012:KH.C3.330	KH2012:KH.C12.650	8.384429810068292
KH2012:KH.C3.330	KH2012:KH.C6.94	8.363139923501253
KH2012:KH.C8.482	KH2012:KH.L87.11	8.349445531300503
KH2012:KH.S406.15	KH2012:KH.L22.52	8.29513810662985
KH2012:KH.C1.669	KH2012:KH.C11.600	8.295079008833312
KH2012:KH.C9.48	KH2012:KH.C8.482	8.26748983496012
KH2012:KH.C9.48	KH2012:KH.C10.264	8.262564280899705
KH2012:KH.C3.330	KH2012:KH.C8.372	8.25815783351465
KH2012:KH.C14.426	KH2012:KH.C14.483	8.257730041715337
KH2012:KH.S406.9	KH2012:KH.C1.1017	8.250549761579695
KH2012:KH.S406.15	KH2012:KH.C3.330	8.246281650739675
KH2012:KH.C14.426	KH2012:KH.C6.138	8.237062234794992
KH2012:KH.S406.9	KH2012:KH.C2.932	8.235902597996722
KH2012:KH.C3.330	KH2012:KH.C3.315	8.211621994982725
KH2012:KH.C1.669	KH2012:KH.L9.13	8.202879044414011
KH2012:KH.C9.48	KH2012:KH.C13.22	8.200322441229622
KH2012:KH.C14.426	KH2012:KH.C14.116	8.195274353618032
KH2012:KH.C8.482	KH2012:KH.C7.427	8.18434134824562
KH2012:KH.C8.482	KH2012:KH.L40.18	8.176821060553587
KH2012:KH.L40.18	KH2012:KH.C1.697	8.155579650322663
KH2012:KH.C8.877	KH2012:KH.L96.23	8.150212132753868
KH2012:KH.L9.13	KH2012:KH.C2.33	8.13898839936523
KH2012:KH.C8.482	KH2012:KH.S1061.3	8.089309509643227
KH2012:KH.L152.2	KH2012:KH.C7.427	8.0866275238291
KH2012:KH.C13.22	KH2012:KH.C8.372	8.030667206427065
KH2012:KH.S406.15	KH2012:KH.C7.487	7.992540021647928
KH2012:KH.C3.330	KH2012:KH.C9.850	7.984792779337011
KH2012:KH.L40.18	KH2012:KH.L87.38	7.950941428902362
KH2012:KH.C13.22	KH2012:KH.L141.36	7.943653550863592
KH2012:KH.C13.22	KH2012:KH.C6.155	7.940379235360099
KH2012:KH.S406.15	KH2012:KH.C2.48	7.920659586520211
KH2012:KH.S406.9	KH2012:KH.L130.10	7.898327964768946
KH2012:KH.C9.48	KH2012:KH.C8.372	7.885133124089541
KH2012:KH.C8.482	KH2012:KH.C14.426	7.845934019558584
KH2012:KH.L9.13	KH2012:KH.C9.837	7.845572688954977
KH2012:KH.C13.22	KH2012:KH.L141.43	7.8348196006658695
KH2012:KH.C3.330	KH2012:KH.S908.2	7.827372337004348
KH2012:KH.C8.482	KH2012:KH.C9.423	7.826925494748564
KH2012:KH.C14.426	KH2012:KH.C10.152	7.817611555445471
KH2012:KH.C9.48	KH2012:KH.S406.15	7.801405438284208
KH2012:KH.C9.48	KH2012:KH.C4.42	7.7633618377005105
KH2012:KH.C13.22	KH2012:KH.C11.249	7.672332397630197
KH2012:KH.C9.48	KH2012:KH.C1.1064	7.643785897616909
KH2012:KH.C8.877	KH2012:KH.L18.58	7.616824149579994
KH2012:KH.C1.669	KH2012:KH.C7.753	7.6006035000177725
KH2012:KH.L9.13	KH2012:KH.C12.84	7.598945069499413
KH2012:KH.L9.13	KH2012:KH.C14.311	7.575648394192995
KH2012:KH.C8.774	KH2012:KH.C11.490	7.536222099253782
KH2012:KH.L40.18	KH2012:KH.C9.837	7.5137601560342775
KH2012:KH.L9.13	KH2012:KH.C8.659	7.489060474235506
KH2012:KH.C8.482	KH2012:KH.C4.42	7.481266294533391
KH2012:KH.C14.426	KH2012:KH.C7.559	7.479106379726968
KH2012:KH.L9.13	KH2012:KH.L13.35	7.409706054180413
KH2012:KH.S406.9	KH2012:KH.C8.635	7.408008752928496
KH2012:KH.C8.877	KH2012:KH.L155.23	7.385609330061346
KH2012:KH.L40.18	KH2012:KH.C9.423	7.365221534920985
KH2012:KH.C9.48	KH2012:KH.L87.38	7.355228949576302
KH2012:KH.L9.13	KH2012:KH.L65.8	7.349917384084776
KH2012:KH.S406.15	KH2012:KH.L40.18	7.335589290520137
KH2012:KH.C8.774	KH2012:KH.L155.23	7.255812993746145
KH2012:KH.L152.2	KH2012:KH.C7.473	7.25571110269317
KH2012:KH.C9.48	KH2012:KH.C1.175	7.252386498949402
KH2012:KH.C3.330	KH2012:KH.C2.48	7.233333313061027
KH2012:KH.C8.482	KH2012:KH.C4.699	7.192404530791426
KH2012:KH.C14.426	KH2012:KH.C11.600	7.095575696069017
KH2012:KH.L9.13	KH2012:KH.C11.442	7.059955706207058
KH2012:KH.S406.15	KH2012:KH.C6.138	7.0398558490478536
KH2012:KH.L40.18	KH2012:KH.L155.23	7.028906260965968
KH2012:KH.C14.426	KH2012:KH.C4.42	7.014884056885055
KH2012:KH.C3.330	KH2012:KH.C3.736	6.973137451031461
KH2012:KH.C9.48	KH2012:KH.C2.48	6.972241591252346
KH2012:KH.C8.482	KH2012:KH.C5.596	6.939995465859257
KH2012:KH.C13.22	KH2012:KH.L155.23	6.920528302293339
KH2012:KH.S406.15	KH2012:KH.C11.360	6.911110081358972
KH2012:KH.S406.15	KH2012:KH.C10.152	6.853176871109731
KH2012:KH.S406.15	KH2012:KH.C6.291	6.821412992033711
KH2012:KH.C8.482	KH2012:KH.C6.94	6.819282961156882
KH2012:KH.C13.22	KH2012:KH.C10.364	6.816279942604127
KH2012:KH.C9.48	KH2012:KH.L22.52	6.798419706399875
KH2012:KH.S406.15	KH2012:KH.L9.13	6.789738048974512
KH2012:KH.C13.22	KH2012:KH.L22.52	6.787060126210677
KH2012:KH.L9.13	KH2012:KH.C6.138	6.7856194123390505
KH2012:KH.S406.9	KH2012:KH.C1.369	6.765213177738224
KH2012:KH.C9.48	KH2012:KH.L9.13	6.762429708396612
KH2012:KH.C8.774	KH2012:KH.S908.2	6.718794450918999
KH2012:KH.L9.13	KH2012:KH.C7.473	6.698267304880055
KH2012:KH.C8.774	KH2012:KH.L141.36	6.667404542828197
KH2012:KH.S406.15	KH2012:KH.C3.736	6.579073120263567
KH2012:KH.C13.22	KH2012:KH.C5.630	6.574630443260133
KH2012:KH.L9.13	KH2012:KH.C9.757	6.573003988159516
KH2012:KH.S406.15	KH2012:KH.C8.660	6.5676856748229735
KH2012:KH.L9.13	KH2012:KH.C4.699	6.553660933945009
KH2012:KH.S406.9	KH2012:KH.L96.23	6.516655310839502
KH2012:KH.L9.13	KH2012:KH.C7.427	6.515556047946996
KH2012:KH.L40.18	KH2012:KH.C5.62	6.4692728228068
KH2012:KH.S406.15	KH2012:KH.C1.369	6.436152285591289
KH2012:KH.C8.482	KH2012:KH.C2.48	6.426911502858838
KH2012:KH.S406.15	KH2012:KH.C4.699	6.397983036396942
KH2012:KH.C13.22	KH2012:KH.C9.541	6.361162741955881
KH2012:KH.L9.13	KH2012:KH.L30.2	6.353785346859975
KH2012:KH.C8.877	KH2012:KH.L30.2	6.329062124467469
KH2012:KH.S406.9	KH2012:KH.C7.487	6.323936033164623
KH2012:KH.C1.669	KH2012:KH.L87.38	6.323008451577036
KH2012:KH.C3.330	KH2012:KH.L130.10	6.31645577156795
KH2012:KH.C14.426	KH2012:KH.L116.21	6.3023041817122
KH2012:KH.C13.22	KH2012:KH.C7.199	6.299597896314498
KH2012:KH.C1.669	KH2012:KH.C3.21	6.294187190450604
KH2012:KH.S406.9	KH2012:KH.C3.315	6.266665070662116
KH2012:KH.C14.426	KH2012:KH.L22.52	6.264182756747483
KH2012:KH.C9.48	KH2012:KH.C8.660	6.252045657647226
KH2012:KH.S406.15	KH2012:KH.C8.635	6.248480720923162
KH2012:KH.C8.877	KH2012:KH.C10.364	6.2482604760034635
KH2012:KH.C14.426	KH2012:KH.L13.35	6.240283555500518
KH2012:KH.C14.426	KH2012:KH.S1061.3	6.217819217769959
KH2012:KH.L9.13	KH2012:KH.C10.264	6.1760576643410285
KH2012:KH.C14.426	KH2012:KH.C1.697	6.172347126427627
KH2012:KH.C8.482	KH2012:KH.C9.837	6.158155364360764
KH2012:KH.C3.330	KH2012:KH.C7.427	6.142634517542897
KH2012:KH.C13.22	KH2012:KH.C8.659	6.13650068242504
KH2012:KH.C9.48	KH2012:KH.C7.559	6.127487267611194
KH2012:KH.C3.330	KH2012:KH.C9.48	6.089388997385847
KH2012:KH.C8.774	KH2012:KH.C13.146	6.08189015612644
KH2012:KH.C14.426	KH2012:KH.L110.3	6.068815782328719
KH2012:KH.C8.877	KH2012:KH.C7.64	6.050331401257431
KH2012:KH.C3.330	KH2012:KH.C7.487	6.033176338057761
KH2012:KH.L40.18	KH2012:KH.L30.2	6.027630837486276
KH2012:KH.C14.426	KH2012:KH.C3.330	6.022340347166093
KH2012:KH.L40.18	KH2012:KH.C7.261	6.019126688499964
KH2012:KH.C3.330	KH2012:KH.C1.669	6.018010281805304
KH2012:KH.C3.330	KH2012:KH.C2.932	5.971477842623503
KH2012:KH.C8.482	KH2012:KH.C1.175	5.956709916207444
KH2012:KH.S406.9	KH2012:KH.C9.837	5.940311153399494
KH2012:KH.C8.482	KH2012:KH.C1.1017	5.930851486335566
KH2012:KH.C3.330	KH2012:KH.L22.52	5.922031126283641
KH2012:KH.C8.877	KH2012:KH.C10.152	5.895396557852069
KH2012:KH.L9.13	KH2012:KH.C9.48	5.892335720784469
KH2012:KH.C3.330	KH2012:KH.C7.473	5.854132887188555
KH2012:KH.C8.877	KH2012:KH.C9.541	5.851784024494797
KH2012:KH.C14.426	KH2012:KH.C11.249	5.826649879937406
KH2012:KH.C9.48	KH2012:KH.C1.1017	5.824265647537007
KH2012:KH.C3.330	KH2012:KH.C8.660	5.812802426125738
KH2012:KH.C1.669	KH2012:KH.L141.21	5.811858338719771
KH2012:KH.C9.48	KH2012:KH.C7.261	5.808319272288581
KH2012:KH.C9.48	KH2012:KH.C10.364	5.80548639275739
KH2012:KH.C9.48	KH2012:KH.C3.21	5.799671335322303
KH2012:KH.C9.48	KH2012:KH.C3.330	5.798533562240226
KH2012:KH.C3.330	KH2012:KH.L96.86	5.7935493422231
KH2012:KH.C13.22	KH2012:KH.L116.40	5.7797765180756375
KH2012:KH.C8.774	KH2012:KH.L87.38	5.721429546818916
KH2012:KH.C14.426	KH2012:KH.C5.62	5.712975775011852
KH2012:KH.L40.18	KH2012:KH.L22.52	5.677936000802583
KH2012:KH.L9.13	KH2012:KH.C4.42	5.669813155552536
KH2012:KH.S406.9	KH2012:KH.C6.138	5.62580490655438
KH2012:KH.C14.426	KH2012:KH.L30.2	5.617112441847434
KH2012:KH.C8.774	KH2012:KH.C3.516	5.577899858853341
KH2012:KH.C9.48	KH2012:KH.C5.630	5.565008509108034
KH2012:KH.L9.13	KH2012:KH.C11.600	5.56035063099932
KH2012:KH.C8.482	KH2012:KH.C7.199	5.554991405560967
KH2012:KH.L40.18	KH2012:KH.C12.650	5.552529798950481
KH2012:KH.S406.9	KH2012:KH.C11.490	5.547485260752902
KH2012:KH.C14.426	KH2012:KH.L18.58	5.516025873795231
KH2012:KH.C8.482	KH2012:KH.C8.635	5.515684354823053
KH2012:KH.C14.426	KH2012:KH.L9.13	5.513593178916329
KH2012:KH.C3.330	KH2012:KH.L96.23	5.507936569144816
KH2012:KH.C1.669	KH2012:KH.C10.364	5.473294433766676
KH2012:KH.S406.15	KH2012:KH.L155.23	5.446846897254058
KH2012:KH.C13.22	KH2012:KH.C6.138	5.439891216667557
KH2012:KH.C9.48	KH2012:KH.L141.43	5.394746273095521
KH2012:KH.C8.482	KH2012:KH.C9.541	5.363634122466785
KH2012:KH.L40.18	KH2012:KH.L141.43	5.358249453731157
KH2012:KH.C9.48	KH2012:KH.C11.212	5.350818734486178
KH2012:KH.L40.18	KH2012:KH.C8.877	5.330517788304852
KH2012:KH.L9.13	KH2012:KH.L155.23	5.313866107161429
KH2012:KH.C9.48	KH2012:KH.C7.199	5.3113826971976765
KH2012:KH.C8.482	KH2012:KH.C11.468	5.289896327097587
KH2012:KH.L9.13	KH2012:KH.C1.697	5.273195109773839
KH2012:KH.C8.482	KH2012:KH.C9.48	5.270898318256357
KH2012:KH.C3.330	KH2012:KH.C1.697	5.255710709488167
KH2012:KH.C9.48	KH2012:KH.C8.659	5.25105029394941
KH2012:KH.C9.48	KH2012:KH.C14.483	5.216697212431185
KH2012:KH.C9.48	KH2012:KH.C4.699	5.155622865762462
KH2012:KH.S406.9	KH2012:KH.C6.155	5.1465914978750416
KH2012:KH.S406.15	KH2012:KH.C1.697	5.127166244651928
KH2012:KH.C14.426	KH2012:KH.C7.473	5.053116271174977
KH2012:KH.C8.877	KH2012:KH.C2.932	4.987477638179478
KH2012:KH.C8.482	KH2012:KH.C14.483	4.981579983590259
KH2012:KH.C9.48	KH2012:KH.C14.65	4.976730253703335
KH2012:KH.C9.48	KH2012:KH.L40.18	4.959931919155294
KH2012:KH.L40.18	KH2012:KH.C8.482	4.9536125378522256
KH2012:KH.C9.48	KH2012:KH.C6.138	4.937166333100825
KH2012:KH.C3.330	KH2012:KH.L18.58	4.925397738407806
KH2012:KH.S406.9	KH2012:KH.L18.58	4.906633486705912
KH2012:KH.C3.330	KH2012:KH.L141.43	4.9041774559022295
KH2012:KH.C14.426	KH2012:KH.C11.212	4.9024198373193375
KH2012:KH.C3.330	KH2012:KH.L13.35	4.887412618364844
KH2012:KH.C3.330	KH2012:KH.L116.40	4.884567759227318
KH2012:KH.L152.2	KH2012:KH.C8.635	4.877058626790152
KH2012:KH.S406.15	KH2012:KH.C9.757	4.832776707098647
KH2012:KH.C8.877	KH2012:KH.C7.487	4.830391138400477
KH2012:KH.S406.15	KH2012:KH.L141.36	4.829198096822288
KH2012:KH.L40.18	KH2012:KH.C3.315	4.828501048091934
KH2012:KH.C9.48	KH2012:KH.C9.512	4.813870284390077
KH2012:KH.C8.482	KH2012:KH.C7.473	4.812130937798774
KH2012:KH.C8.482	KH2012:KH.C1.697	4.8090815984168716
KH2012:KH.C8.482	KH2012:KH.C1.669	4.789133598737351
KH2012:KH.C3.330	KH2012:KH.C9.757	4.768728615208699
KH2012:KH.C8.482	KH2012:KH.C12.650	4.755380756169087
KH2012:KH.C9.48	KH2012:KH.L30.2	4.737552118531523
KH2012:KH.C9.48	KH2012:KH.C3.315	4.7224824698243735
KH2012:KH.C9.48	KH2012:KH.L96.23	4.698722574591355
KH2012:KH.C13.22	KH2012:KH.C11.490	4.693917649100782
KH2012:KH.C13.22	KH2012:KH.L30.2	4.692465535893529
KH2012:KH.C3.330	KH2012:KH.C10.364	4.686516863572821
KH2012:KH.C3.330	KH2012:KH.C8.659	4.66687202155598
KH2012:KH.L40.18	KH2012:KH.C6.155	4.606144278600795
KH2012:KH.C9.48	KH2012:KH.C1.369	4.5970424535398875
KH2012:KH.S406.9	KH2012:KH.C14.311	4.584551369035233
KH2012:KH.C13.22	KH2012:KH.C11.360	4.57136442559871
KH2012:KH.L9.13	KH2012:KH.C9.512	4.570013029095561
KH2012:KH.C14.426	KH2012:KH.C5.630	4.567562054341656
KH2012:KH.C9.48	KH2012:KH.C13.146	4.566389398588214
KH2012:KH.C8.482	KH2012:KH.C14.65	4.56049947181027
KH2012:KH.C8.877	KH2012:KH.C11.490	4.517537295827184
KH2012:KH.C8.877	KH2012:KH.C11.600	4.500574362195643
KH2012:KH.L40.18	KH2012:KH.C11.490	4.4705862847299835
KH2012:KH.S406.9	KH2012:KH.L141.36	4.4692547947498475
KH2012:KH.C9.48	KH2012:KH.C11.468	4.467550157192197
KH2012:KH.C8.774	KH2012:KH.C7.64	4.463835276229279
KH2012:KH.C13.22	KH2012:KH.L116.21	4.463215304822465
KH2012:KH.C8.877	KH2012:KH.L141.21	4.462246666355244
KH2012:KH.C9.48	KH2012:KH.C9.757	4.4434349308410335
KH2012:KH.C9.48	KH2012:KH.C5.596	4.421279051105606
KH2012:KH.C8.774	KH2012:KH.C14.116	4.392114815679168
KH2012:KH.L40.18	KH2012:KH.S605.3	4.382504047308335
KH2012:KH.C8.877	KH2012:KH.C3.315	4.380609743387003
KH2012:KH.L152.2	KH2012:KH.L96.86	4.361452249692716
KH2012:KH.L9.13	KH2012:KH.L116.40	4.35414661283141
KH2012:KH.C8.482	KH2012:KH.C6.138	4.341125687202035
KH2012:KH.L9.13	KH2012:KH.L96.23	4.339381409201961
KH2012:KH.L152.2	KH2012:KH.S908.2	4.332785305564126
KH2012:KH.C13.22	KH2012:KH.C7.64	4.2949556380945335
KH2012:KH.C8.877	KH2012:KH.C5.630	4.271563980182676
KH2012:KH.C1.669	KH2012:KH.C7.199	4.265793097795695
KH2012:KH.C8.482	KH2012:KH.C5.62	4.2471171577163735
KH2012:KH.L9.13	KH2012:KH.C1.669	4.214912327731986
KH2012:KH.C8.482	KH2012:KH.L13.35	4.2142596134723815
KH2012:KH.C8.482	KH2012:KH.L65.8	4.172170084787891
KH2012:KH.C8.482	KH2012:KH.C9.512	4.167040281574571
KH2012:KH.C8.482	KH2012:KH.C14.311	4.146950247774869
KH2012:KH.C1.669	KH2012:KH.C7.64	4.145374902289098
KH2012:KH.C3.330	KH2012:KH.C11.600	4.137944691395556
KH2012:KH.L9.13	KH2012:KH.L96.86	4.131282536798184
KH2012:KH.S406.15	KH2012:KH.L141.43	4.118231770379452
KH2012:KH.C8.877	KH2012:KH.C14.311	4.109833089657727
KH2012:KH.C1.669	KH2012:KH.C11.490	4.106914729548757
KH2012:KH.L9.13	KH2012:KH.C6.155	4.090226150645211
KH2012:KH.L40.18	KH2012:KH.C11.249	4.063883005349212
KH2012:KH.C1.669	KH2012:KH.L96.86	4.060097652181438
KH2012:KH.L40.18	KH2012:KH.C7.753	4.059476131866599
KH2012:KH.C8.482	KH2012:KH.C8.660	4.05452141058836
KH2012:KH.C8.482	KH2012:KH.C8.372	4.041241966163899
KH2012:KH.L9.13	KH2012:KH.L141.43	4.035065298831409
KH2012:KH.L152.2	KH2012:KH.C7.64	4.023777362393089
KH2012:KH.L40.18	KH2012:KH.C14.116	4.018465563124065
KH2012:KH.C1.669	KH2012:KH.C6.155	4.011284240418758
KH2012:KH.C8.482	KH2012:KH.C9.850	4.000134810496249
KH2012:KH.S406.15	KH2012:KH.C3.21	3.997214057553924
KH2012:KH.C8.482	KH2012:KH.C11.600	3.9646602872003984
KH2012:KH.L152.2	KH2012:KH.C11.442	3.9605420932958992
KH2012:KH.S406.9	KH2012:KH.C11.600	3.9533451251884197
KH2012:KH.S406.15	KH2012:KH.C9.541	3.9471635179487237
KH2012:KH.C1.669	KH2012:KH.C6.138	3.94407378308305
KH2012:KH.C9.48	KH2012:KH.C14.116	3.941503414738143
KH2012:KH.C9.48	KH2012:KH.L155.23	3.9369675516880753
KH2012:KH.S406.15	KH2012:KH.C9.837	3.915240978747683
KH2012:KH.C9.48	KH2012:KH.C10.152	3.914800872486629
KH2012:KH.L152.2	KH2012:KH.C14.311	3.912352239693643
KH2012:KH.S406.15	KH2012:KH.S605.3	3.9055340021192477
KH2012:KH.C8.482	KH2012:KH.C7.487	3.9037540523534875
KH2012:KH.C9.48	KH2012:KH.C7.487	3.8741746512207897
KH2012:KH.C1.669	KH2012:KH.C14.311	3.852362686411467
KH2012:KH.C3.330	KH2012:KH.C6.155	3.826612466372919
KH2012:KH.L9.13	KH2012:KH.C11.212	3.8264253194694415
KH2012:KH.C9.48	KH2012:KH.L141.36	3.822454665347144
KH2012:KH.C8.482	KH2012:KH.C6.291	3.81577920890971
KH2012:KH.C13.22	KH2012:KH.C9.48	3.7859983315593895
KH2012:KH.C9.48	KH2012:KH.C9.850	3.779769335551259
KH2012:KH.C14.426	KH2012:KH.S605.3	3.7789433848993257
KH2012:KH.S406.15	KH2012:KH.L30.2	3.7529804202662302
KH2012:KH.C8.482	KH2012:KH.C10.152	3.7519498887921854
KH2012:KH.L9.13	KH2012:KH.L18.58	3.744318778937674
KH2012:KH.C9.48	KH2012:KH.S1061.3	3.738039163115204
KH2012:KH.C9.48	KH2012:KH.C8.774	3.7255112734165463
KH2012:KH.C1.669	KH2012:KH.S908.2	3.6479854382659314
KH2012:KH.C3.330	KH2012:KH.C14.311	3.638696955995521
KH2012:KH.L9.13	KH2012:KH.C3.315	3.627704126747477
KH2012:KH.C9.48	KH2012:KH.C11.490	3.620877751742715
KH2012:KH.S406.15	KH2012:KH.C1.1017	3.616503132937501
KH2012:KH.S406.9	KH2012:KH.C5.630	3.6119173336672667
KH2012:KH.C8.774	KH2012:KH.L96.86	3.608067125686071
KH2012:KH.L9.13	KH2012:KH.C5.630	3.6033714856162993
KH2012:KH.C3.330	KH2012:KH.C7.64	3.5863526978383247
KH2012:KH.C8.482	KH2012:KH.C2.932	3.5819435530978305
KH2012:KH.S406.15	KH2012:KH.C9.850	3.553788500253744
KH2012:KH.C8.482	KH2012:KH.L116.21	3.55109492996851
KH2012:KH.C8.482	KH2012:KH.C11.490	3.540543767049384
KH2012:KH.S406.15	KH2012:KH.L18.58	3.523032669014519
KH2012:KH.L9.13	KH2012:KH.C11.490	3.519415462788545
KH2012:KH.C9.48	KH2012:KH.C7.427	3.4651549135654984
KH2012:KH.S406.15	KH2012:KH.C10.364	3.4572628537909695
KH2012:KH.S406.9	KH2012:KH.S605.3	3.45194298518638
KH2012:KH.C3.330	KH2012:KH.C5.62	3.4392086944457834
KH2012:KH.C13.22	KH2012:KH.C14.116	3.439016605124102
KH2012:KH.C8.482	KH2012:KH.C1.369	3.43710594228882
KH2012:KH.C8.482	KH2012:KH.C10.364	3.4368496111273097
KH2012:KH.L9.13	KH2012:KH.L22.52	3.4301028631244765
KH2012:KH.C8.774	KH2012:KH.C14.311	3.4276498925186814
KH2012:KH.C9.48	KH2012:KH.C9.423	3.399303615793587
KH2012:KH.L9.13	KH2012:KH.L141.21	3.380995752834205
KH2012:KH.C8.482	KH2012:KH.C8.659	3.3535798081988677
KH2012:KH.C8.877	KH2012:KH.L141.36	3.347244127787389
KH2012:KH.C14.426	KH2012:KH.C1.1017	3.342101789810157
KH2012:KH.L152.2	KH2012:KH.C9.48	3.330987405442783
KH2012:KH.L40.18	KH2012:KH.L116.21	3.319797728778152
KH2012:KH.C9.48	KH2012:KH.C12.650	3.306831170204665
KH2012:KH.C1.669	KH2012:KH.S605.3	3.3008879025257696
KH2012:KH.C14.426	KH2012:KH.L96.86	3.276382156805734
KH2012:KH.C9.48	KH2012:KH.C5.62	3.2237410936351334
KH2012:KH.L152.2	KH2012:KH.C2.932	3.2191335369351517
KH2012:KH.S406.15	KH2012:KH.C3.315	3.2126454652814305
KH2012:KH.C3.330	KH2012:KH.C9.512	3.1957433799504917
KH2012:KH.C8.482	KH2012:KH.C14.116	3.1929431419289735
KH2012:KH.C3.330	KH2012:KH.L116.21	3.1775952998320394
KH2012:KH.S406.15	KH2012:KH.C6.155	3.1772270104855065
KH2012:KH.C14.426	KH2012:KH.C7.199	3.1620203936262197
KH2012:KH.S406.15	KH2012:KH.C11.600	3.1224935865687065
KH2012:KH.C14.426	KH2012:KH.C14.311	3.1183176751130164
KH2012:KH.C14.426	KH2012:KH.C11.442	3.1003200433807683
KH2012:KH.C8.482	KH2012:KH.L130.10	3.100057123254559
KH2012:KH.C3.330	KH2012:KH.C6.138	3.052388084681564
KH2012:KH.L152.2	KH2012:KH.L87.38	3.0067924941274002
KH2012:KH.C14.426	KH2012:KH.C8.635	2.9982516411553273
KH2012:KH.C8.482	KH2012:KH.L155.23	2.993510420755936
KH2012:KH.C3.330	KH2012:KH.C11.490	2.976648393084092
KH2012:KH.C8.774	KH2012:KH.C9.48	2.96662147113344
KH2012:KH.C14.426	KH2012:KH.C11.490	2.945525927213927
KH2012:KH.C9.48	KH2012:KH.C7.473	2.9423196350605725
KH2012:KH.C3.330	KH2012:KH.C11.212	2.9397824729411726
KH2012:KH.L9.13	KH2012:KH.C11.249	2.9334814317025875
KH2012:KH.S406.15	KH2012:KH.L141.21	2.896498709795578
KH2012:KH.C8.774	KH2012:KH.C11.442	2.891089580990149
KH2012:KH.S406.15	KH2012:KH.C7.199	2.8634852667815984
KH2012:KH.C8.877	KH2012:KH.L96.86	2.843024519539661
KH2012:KH.C8.482	KH2012:KH.C9.757	2.8163329695495998
KH2012:KH.C9.48	KH2012:KH.L18.58	2.812301367658823
KH2012:KH.C3.330	KH2012:KH.L141.21	2.8053950470751112
KH2012:KH.S406.15	KH2012:KH.L96.86	2.80477925287352
KH2012:KH.C14.426	KH2012:KH.C3.315	2.782566907897477
KH2012:KH.C8.482	KH2012:KH.L96.23	2.7798938096749026
KH2012:KH.C3.330	KH2012:KH.C7.753	2.7580792141318184
KH2012:KH.C8.877	KH2012:KH.C6.155	2.7285801150006117
KH2012:KH.C8.774	KH2012:KH.C7.199	2.726797411403247
KH2012:KH.S406.15	KH2012:KH.C11.442	2.7190140499473836
KH2012:KH.L9.13	KH2012:KH.C14.116	2.659070703003456
KH2012:KH.C8.482	KH2012:KH.C11.212	2.6442403894088344
KH2012:KH.C14.426	KH2012:KH.C7.753	2.6392560893158654
KH2012:KH.L9.13	KH2012:KH.L116.21	2.633421522169802
KH2012:KH.S406.15	KH2012:KH.C5.630	2.5958514271812705
KH2012:KH.C1.669	KH2012:KH.C9.48	2.5930321640458858
KH2012:KH.C8.482	KH2012:KH.C3.736	2.5499679988793287
KH2012:KH.L40.18	KH2012:KH.C8.635	2.5110795950772817
KH2012:KH.C9.48	KH2012:KH.C11.442	2.481713000633238
KH2012:KH.L9.13	KH2012:KH.C7.753	2.4381053690059495
KH2012:KH.C9.48	KH2012:KH.L116.21	2.436163030117432
KH2012:KH.C3.330	KH2012:KH.L155.23	2.429705075166625
KH2012:KH.C3.330	KH2012:KH.C14.116	2.4150443057795847
KH2012:KH.C14.426	KH2012:KH.C9.48	2.396642339868995
KH2012:KH.C3.330	KH2012:KH.L30.2	2.3961117757729076
KH2012:KH.S406.9	KH2012:KH.L96.86	2.3580416635194235
KH2012:KH.C8.877	KH2012:KH.S605.3	2.3488824870798486
KH2012:KH.L9.13	KH2012:KH.C7.64	2.343449568295141
KH2012:KH.C13.22	KH2012:KH.C7.753	2.329917148063952
KH2012:KH.C13.22	KH2012:KH.S908.2	2.32881819374032
KH2012:KH.L40.18	KH2012:KH.C7.199	2.3085810927593258
KH2012:KH.C8.482	KH2012:KH.C3.315	2.297850164981858
KH2012:KH.C3.330	KH2012:KH.C11.360	2.2750247682973304
KH2012:KH.C9.48	KH2012:KH.L13.35	2.259383113949018
KH2012:KH.S406.15	KH2012:KH.C2.932	2.239933058950485
KH2012:KH.C9.48	KH2012:KH.C7.753	2.23736043400639
KH2012:KH.L40.18	KH2012:KH.L141.36	2.2281792222728374
KH2012:KH.C14.426	KH2012:KH.C7.64	2.223083219004147
KH2012:KH.C14.426	KH2012:KH.L141.21	2.2082172467988994
KH2012:KH.C1.669	KH2012:KH.C11.360	2.205364907833631
KH2012:KH.L152.2	KH2012:KH.C5.630	2.1995387847049326
KH2012:KH.C8.482	KH2012:KH.L141.43	2.189955069933873
KH2012:KH.C13.22	KH2012:KH.S605.3	2.172918407170162
KH2012:KH.L40.18	KH2012:KH.S908.2	2.157249888773167
KH2012:KH.C8.482	KH2012:KH.C5.630	2.1541792173437946
KH2012:KH.C14.426	KH2012:KH.C6.155	2.148842046490911
KH2012:KH.L40.18	KH2012:KH.C5.630	2.141874282084466
KH2012:KH.S406.15	KH2012:KH.C14.311	2.091590776930748
KH2012:KH.L152.2	KH2012:KH.C11.490	2.0649595571847885
KH2012:KH.C8.482	KH2012:KH.L22.52	2.064896554803389
KH2012:KH.C3.330	KH2012:KH.C5.630	2.0556330693404288
KH2012:KH.L9.13	KH2012:KH.S908.2	2.0100799388657697
KH2012:KH.C8.774	KH2012:KH.C5.630	2.0098019560695897
KH2012:KH.L152.2	KH2012:KH.C6.155	1.9736754241929415
KH2012:KH.C1.669	KH2012:KH.C2.932	1.9660358661128488
KH2012:KH.C8.774	KH2012:KH.C11.360	1.9637418204301815
KH2012:KH.C8.877	KH2012:KH.C3.516	1.9616056347338116
KH2012:KH.S406.15	KH2012:KH.C9.48	1.9511357249970434
KH2012:KH.L9.13	KH2012:KH.C2.932	1.90437799301733
KH2012:KH.S406.9	KH2012:KH.C11.360	1.90395680726794
KH2012:KH.C8.482	KH2012:KH.L116.40	1.9012583772310108
KH2012:KH.C14.426	KH2012:KH.C11.360	1.898536465508887
KH2012:KH.L40.18	KH2012:KH.C14.311	1.887061046347632
KH2012:KH.C9.48	KH2012:KH.C8.635	1.8345907154419556
KH2012:KH.L9.13	KH2012:KH.S605.3	1.811984288347532
KH2012:KH.L152.2	KH2012:KH.C7.199	1.7997264649195825
KH2012:KH.C13.22	KH2012:KH.C14.311	1.7906095172614407
KH2012:KH.C8.482	KH2012:KH.L110.3	1.7651668197023083
KH2012:KH.C8.482	KH2012:KH.C6.155	1.7640013927724365
KH2012:KH.C8.482	KH2012:KH.L30.2	1.7624824453263457
KH2012:KH.C14.426	KH2012:KH.C2.932	1.7480902038220967
KH2012:KH.C13.22	KH2012:KH.L96.86	1.6762961221294173
KH2012:KH.C9.48	KH2012:KH.C2.932	1.6523205818748026
KH2012:KH.C1.669	KH2012:KH.C5.630	1.649067457099447
KH2012:KH.C8.774	KH2012:KH.C2.932	1.5661733169048524
KH2012:KH.C9.48	KH2012:KH.C3.516	1.5572667283827475
KH2012:KH.C14.426	KH2012:KH.S908.2	1.5083423576316004
KH2012:KH.C9.48	KH2012:KH.C6.155	1.4803374879036575
KH2012:KH.S406.15	KH2012:KH.C11.490	1.4593658217231589
KH2012:KH.C8.482	KH2012:KH.C11.249	1.4282236817913214
KH2012:KH.L40.18	KH2012:KH.C9.48	1.4096464965760456
KH2012:KH.C9.48	KH2012:KH.L96.86	1.3930803366241933
KH2012:KH.C1.669	KH2012:KH.C11.442	1.3687881128346138
KH2012:KH.L9.13	KH2012:KH.L141.36	1.3681711226939302
KH2012:KH.C9.48	KH2012:KH.C11.600	1.3508811250751662
KH2012:KH.C9.48	KH2012:KH.C1.697	1.3386422732951557
KH2012:KH.L40.18	KH2012:KH.C7.64	1.3277762808892213
KH2012:KH.C8.482	KH2012:KH.L18.58	1.2789247213001804
KH2012:KH.C9.48	KH2012:KH.S605.3	1.251837282033925
KH2012:KH.C8.877	KH2012:KH.C11.360	1.2434415750425198
KH2012:KH.C3.330	KH2012:KH.L141.36	1.162466571011154
KH2012:KH.C9.48	KH2012:KH.L141.21	1.1200959251781177
KH2012:KH.S406.9	KH2012:KH.C3.516	1.1120449319396055
KH2012:KH.C8.774	KH2012:KH.C6.155	1.1060986538811133
KH2012:KH.C14.426	KH2012:KH.L141.36	1.0741991557834356
KH2012:KH.C3.330	KH2012:KH.S605.3	1.0449710696456924
KH2012:KH.C14.426	KH2012:KH.C3.516	1.0034227616390048
KH2012:KH.C8.482	KH2012:KH.L141.21	0.9869348615355191
KH2012:KH.C8.482	KH2012:KH.L141.36	0.9587045727628758
KH2012:KH.L40.18	KH2012:KH.L96.86	0.9517494693740846
KH2012:KH.L40.18	KH2012:KH.C11.360	0.8986003665583329
KH2012:KH.C8.482	KH2012:KH.C7.64	0.8711434319567427
KH2012:KH.C9.48	KH2012:KH.C14.311	0.8643761090670286
KH2012:KH.C8.482	KH2012:KH.C7.753	0.8638427478387937
KH2012:KH.C9.48	KH2012:KH.C11.249	0.8158784990105773
KH2012:KH.C8.482	KH2012:KH.L96.86	0.7421975725524576
KH2012:KH.L40.18	KH2012:KH.C3.516	0.6693156831857334
KH2012:KH.C8.482	KH2012:KH.S605.3	0.631115005289103
KH2012:KH.S406.15	KH2012:KH.C3.516	0.5121992208108984
KH2012:KH.C3.330	KH2012:KH.C3.516	0.4576584005267685
KH2012:KH.L9.13	KH2012:KH.C11.360	0.4202338111590787
KH2012:KH.C1.669	KH2012:KH.C3.516	0.41645453104353825
KH2012:KH.L152.2	KH2012:KH.C11.360	0.41432397447651315
KH2012:KH.L9.13	KH2012:KH.C3.516	0.40271239495662886
KH2012:KH.C13.22	KH2012:KH.C3.516	0.36637446978143495
KH2012:KH.C9.48	KH2012:KH.C7.64	0.34115774358266976
KH2012:KH.C9.48	KH2012:KH.C11.360	0.22754987256401604
KH2012:KH.C8.482	KH2012:KH.C3.516	0.10011791125446078
KH2012:KH.C8.482	KH2012:KH.C11.360	0.06675112390388831
