"cell_barcode"	"pseudotime"	"PC_1"	"PC_2"	"PC_3"	"PC_4"	"PC_5"	"PC_6"	"PC_7"	"PC_8"	"PC_9"	"PC_10"	"PC_11"	"PC_12"	"PC_13"	"PC_14"	"PC_15"
"LTB2.1_GGCTGGTGTGAGTGAC-1"	0.468074274174098	3.48988322467893	-11.2346527328846	0.547231772506692	-7.52517493392382	-3.66809898646894	3.2201616225355	-2.62784404077312	-19.9550835845737	12.4849625298552	3.74790418982956	-2.646352260456	-8.44918040525439	1.63431145488357	0.543819682581405	-1.5002452521727
"LTB2.1_GATTCAGAGCAATCTC-2"	0.468468889789009	4.03718895847756	-13.8528108977363	-1.25727108231493	-8.88584520108559	-3.85128559224175	4.8479519192586	-4.35822990964313	-23.8927369417965	16.3095835919907	4.00247228650398	-3.09708176179569	-9.77636072307212	0.191546300077002	0.279920951033014	-3.2498829184384
"LTB2.1_GCTGGGTAGCCGATTT-1"	0.471003931116942	3.76668373414802	-10.6124020546893	2.3026449481716	-8.63605911780518	-3.22658421740984	3.96454178825167	-3.89188891709593	-21.1306534193454	12.5182855782889	4.79557297569457	-3.75622902749628	-9.98428736479118	1.19815757662337	-0.537337584184946	-2.02533822182373
"LTB2.1_TTCGAAGTCATTTGGG-2"	0.471403626685278	3.84814650082065	-8.68704947175944	1.44615100358891	-6.5121647917342	-2.66305250831249	2.39010447744259	-4.23661293061978	-18.1263425235206	10.1494535840612	2.1912420259414	-2.27460652290109	-6.8865764587714	1.25217926355366	-0.412824773242457	-0.708042558527805
"LTB2.1_TACAGTGTCTGCAAGT-2"	0.474177424753262	3.66692785395785	-6.46504054607275	2.8931268861555	-5.92975233087429	-3.69217711122524	3.17420778590193	-3.44343637005963	-13.9434585102753	8.64768879473448	2.25988700672901	-1.27056816456604	-4.29037670826509	0.0402062160815994	0.594816778029206	-1.5068256139
"LTB2.2_TCAGATGTCAATCACG"	0.479222580408256	3.61592196785197	-7.14849698581653	2.67861868800116	-4.82127661128614	-3.63231524437798	1.59800383652033	-3.50857545964662	-13.7193841575713	7.61778409351136	2.54405936024891	-0.615281280651904	-4.07690092840582	-0.431932090360153	-1.37093665007403	1.05722107647276
"LTB2.2_CGGCTAGCACTGTTAG"	0.480128841474345	5.22734273795893	-16.1722902042683	-1.87889945345288	-12.044676869926	-5.68368124071937	4.68141155014275	-1.8602729606497	-27.3648563972984	14.638488093772	3.58062050491835	-3.93885867981812	-9.18795883736616	-0.207999500810642	-2.49534934107274	1.41824412893999
"LTB2.1_CCGGGATAGCTAGCCC-2"	0.482316423848967	3.95950738266439	-7.65466570790059	3.48297842924876	-6.25367622469152	-2.0419272232894	2.82632554633536	-3.09873493152351	-16.2813426558765	10.2610886857251	2.88084874972799	-2.89795994364828	-6.01156522293107	-0.0768402114796612	-1.01164041568763	-0.683147509385957
"LTB2.2_CCTATTAAGCGATTCT"	0.483292470627536	4.23801187729051	-5.06071897078552	4.88893155496545	-4.39598312300245	-2.86061031920673	1.58566886757218	-1.6072179556836	-11.6483089379953	5.16083461093568	1.36409472484642	-2.22418126865649	-2.77363401365397	-0.157484717299636	-2.05401923536132	1.34290762030643
"LTB2.1_GCGCAACGTAAACGCG-1"	0.483343086819372	4.0410869576408	-12.6765048659284	0.507726355563668	-8.73669253386875	-3.01255497749507	3.8806849235312	-2.81073987406955	-21.8227967948842	13.431789324032	4.78392269858821	-2.9378790919543	-8.76284066051434	1.25893145696284	-0.309551806481801	-2.08732441139771
"LTB2.1_GTCTCGTTCACCGTAA-2"	0.48404946205233	3.96913028448841	-10.6448028130405	1.11790088647487	-7.56739524992806	-2.54468406029804	2.75144901804098	-3.03950816169933	-18.3520285016315	11.3686128202111	4.27069652054586	-2.83951879974821	-7.15344379348417	0.705806467111292	-1.11393240547074	-1.11293280623202
"LTB2.1_GTAGGCCCACTGTCGG-2"	0.494458450729316	4.58285920128789	-20.0098605892402	-0.663431212146762	-1.69495471356024	2.95222435168025	-0.532941305721906	2.62922522423469	-1.30176780260871	2.35028374087339	7.53132284935089	4.59237644986662	-3.54965986815954	-5.52553000942403	10.6175227137898	-1.5363140797636
"lv.4_AAAGATGCACGTCAGC"	0.581047715602319	3.53337647416986	-26.0442973021334	-0.677838681774448	-20.6373392282271	-5.27742552460778	7.74268911775956	5.26485897958371	-22.7260045552611	25.4192542296005	9.92772496853296	-13.9894099615675	-8.29408916334213	-2.88497026802974	-21.9730681553378	7.74158956963127
"lv.3_ATTGGTGAGGACATTA"	0.583984375943942	3.97571204745943	-25.9722494745739	0.669287501953509	-22.9277333064258	-4.40378815549794	6.78214885912756	6.55055531358086	-21.5387454076631	22.8661260861189	7.86376228179524	-11.1411780329839	-5.19494144614964	-6.46111283645534	-16.1038344102309	7.10351262929981
"lv.4_GCCTCTAAGGTGATTA"	0.585999539170815	3.34258192250328	-20.592501185824	2.25407696154452	-16.9535839636585	-2.55854825764071	4.98397038668416	4.25351718135756	-17.2872423990457	19.719072522341	5.78660737362352	-9.62812065571974	-5.01863819690179	-2.8713494093075	-16.18833830116	3.89189995576127
"lv.4_TTTACTGCAGTTTACG"	0.594620116074623	3.18868005054936	-21.6458609952245	1.4292673419883	-16.671169598976	-2.23452188851903	6.73281293738175	2.58698743173812	-19.4871130838601	24.0221260000667	8.32761284040982	-11.3353395591589	-6.87070908979887	-3.76012515102765	-19.0369602630481	5.37677631259395
